id,datasetKey,species,x,y,accuracy,year,institution,source
910370370,d5fafa95-7de2-48c0-bf10-3480bcca4a2b,Pseudacris crucifer,-79.5661,35.1412,402,2014,NCSM,gbif
895452343,d5fafa95-7de2-48c0-bf10-3480bcca4a2b,Pseudacris crucifer,-79.5532,35.0691,402,2012,NCSM,gbif
895445323,d5fafa95-7de2-48c0-bf10-3480bcca4a2b,Pseudacris crucifer,-74.4876,40.7169,1609,1980,NCSM,gbif
895444607,d5fafa95-7de2-48c0-bf10-3480bcca4a2b,Pseudacris crucifer,-74.4657,40.717,4023,1981,NCSM,gbif
895444186,d5fafa95-7de2-48c0-bf10-3480bcca4a2b,Pseudacris crucifer,-74.4741,40.7118,4023,1981,NCSM,gbif
895443977,d5fafa95-7de2-48c0-bf10-3480bcca4a2b,Pseudacris crucifer,-76.9077,37.3206,1609,1991,NCSM,gbif
895443758,d5fafa95-7de2-48c0-bf10-3480bcca4a2b,Pseudacris crucifer,-77.2666,37.4054,402,1981,NCSM,gbif
895443745,d5fafa95-7de2-48c0-bf10-3480bcca4a2b,Pseudacris crucifer,-77.426,37.6188,805,2000,NCSM,gbif
895443739,d5fafa95-7de2-48c0-bf10-3480bcca4a2b,Pseudacris crucifer,-78.6365,37.3962,805,1980,NCSM,gbif
895443735,d5fafa95-7de2-48c0-bf10-3480bcca4a2b,Pseudacris crucifer,-80.5667,37.1353,402,1980,NCSM,gbif
895443704,d5fafa95-7de2-48c0-bf10-3480bcca4a2b,Pseudacris crucifer,-77.2966,36.6287,402,1980,NCSM,gbif
895443659,d5fafa95-7de2-48c0-bf10-3480bcca4a2b,Pseudacris crucifer,-80.5276,37.2085,1609,1980,NCSM,gbif
895443609,d5fafa95-7de2-48c0-bf10-3480bcca4a2b,Pseudacris crucifer,-77.5941,37.6483,4828,1982,NCSM,gbif
895442874,d5fafa95-7de2-48c0-bf10-3480bcca4a2b,Pseudacris crucifer,-83.2307,34.8594,805,2000,NCSM,gbif
895442162,d5fafa95-7de2-48c0-bf10-3480bcca4a2b,Pseudacris crucifer,-75.1363,38.5692,1609,1993,NCSM,gbif
895441913,d5fafa95-7de2-48c0-bf10-3480bcca4a2b,Pseudacris crucifer,-79.4721,35.1105,805,2004,NCSM,gbif
895440265,d5fafa95-7de2-48c0-bf10-3480bcca4a2b,Pseudacris crucifer,-82.5631,35.487,402,2002,NCSM,gbif
895439709,d5fafa95-7de2-48c0-bf10-3480bcca4a2b,Pseudacris crucifer,-79.5734,35.3988,402,2001,NCSM,gbif
895439097,d5fafa95-7de2-48c0-bf10-3480bcca4a2b,Pseudacris crucifer,-77.9981,35.502,402,2001,NCSM,gbif
895438287,d5fafa95-7de2-48c0-bf10-3480bcca4a2b,Pseudacris crucifer,-74.5697,39.508,4828,1991,NCSM,gbif
895438101,d5fafa95-7de2-48c0-bf10-3480bcca4a2b,Pseudacris crucifer,-75.4872,38.5133,1609,1984,NCSM,gbif
895437974,d5fafa95-7de2-48c0-bf10-3480bcca4a2b,Pseudacris crucifer,-74.4946,39.5161,1609,1994,NCSM,gbif
895437648,d5fafa95-7de2-48c0-bf10-3480bcca4a2b,Pseudacris crucifer,-80.0926,35.7586,402,2000,NCSM,gbif
895437533,d5fafa95-7de2-48c0-bf10-3480bcca4a2b,Pseudacris crucifer,-79.8201,35.3548,402,2000,NCSM,gbif
895437322,d5fafa95-7de2-48c0-bf10-3480bcca4a2b,Pseudacris crucifer,-83.6245,35.0945,4023,1999,NCSM,gbif
895436939,d5fafa95-7de2-48c0-bf10-3480bcca4a2b,Pseudacris crucifer,-78.888,36.3163,201,1999,NCSM,gbif
895436238,d5fafa95-7de2-48c0-bf10-3480bcca4a2b,Pseudacris crucifer,-78.2155,34.5281,1609,1998,NCSM,gbif
895427952,d5fafa95-7de2-48c0-bf10-3480bcca4a2b,Pseudacris crucifer,-76.4788,36.0625,402,1988,NCSM,gbif
786571667,76dd8f0d-2daa-4a69-9fcd-55e04230334a,Pseudacris crucifer,-77.11,37.9,669,1983,CM,gbif
786555339,76dd8f0d-2daa-4a69-9fcd-55e04230334a,Pseudacris crucifer,-76.78,37.42,1936,1986,CM,gbif
786552193,76dd8f0d-2daa-4a69-9fcd-55e04230334a,Pseudacris crucifer,-76.01,36.9,2977,1990,CM,gbif
786552018,76dd8f0d-2daa-4a69-9fcd-55e04230334a,Pseudacris crucifer,-76.1,36.67,3019,1989,CM,gbif
786550543,76dd8f0d-2daa-4a69-9fcd-55e04230334a,Pseudacris crucifer,-76.01,36.9,2977,1989,CM,gbif
786546488,76dd8f0d-2daa-4a69-9fcd-55e04230334a,Pseudacris crucifer,-76.03,36.9,768,1989,CM,gbif
786546436,76dd8f0d-2daa-4a69-9fcd-55e04230334a,Pseudacris crucifer,-76.05,36.91,874,1983,CM,gbif
786541086,76dd8f0d-2daa-4a69-9fcd-55e04230334a,Pseudacris crucifer,-79.06,38.65,1629,1987,CM,gbif
786540077,76dd8f0d-2daa-4a69-9fcd-55e04230334a,Pseudacris crucifer,-79.35,38.3,2037,1986,CM,gbif
786539726,76dd8f0d-2daa-4a69-9fcd-55e04230334a,Pseudacris crucifer,-76.61,37.28,2968,1989,CM,gbif
786539638,76dd8f0d-2daa-4a69-9fcd-55e04230334a,Pseudacris crucifer,-76.32,36.67,4361,1987,CM,gbif
786539635,76dd8f0d-2daa-4a69-9fcd-55e04230334a,Pseudacris crucifer,-77.17,36.94,589,1987,CM,gbif
786539007,76dd8f0d-2daa-4a69-9fcd-55e04230334a,Pseudacris crucifer,-77.5,37.88,1300,1987,CM,gbif
786538908,76dd8f0d-2daa-4a69-9fcd-55e04230334a,Pseudacris crucifer,-77.11,36.86,669,1988,CM,gbif
786537179,76dd8f0d-2daa-4a69-9fcd-55e04230334a,Pseudacris crucifer,-76.74,37.04,3327,1988,CM,gbif
786536932,76dd8f0d-2daa-4a69-9fcd-55e04230334a,Pseudacris crucifer,-76.89,37.12,348,1988,CM,gbif
786536908,76dd8f0d-2daa-4a69-9fcd-55e04230334a,Pseudacris crucifer,-77.3,37.72,177,1988,CM,gbif
786536717,76dd8f0d-2daa-4a69-9fcd-55e04230334a,Pseudacris crucifer,-78.99,37.97,1738,1988,CM,gbif
786536589,76dd8f0d-2daa-4a69-9fcd-55e04230334a,Pseudacris crucifer,-77.29,37.67,129,1988,CM,gbif
786536481,76dd8f0d-2daa-4a69-9fcd-55e04230334a,Pseudacris crucifer,-78.29,36.61,2247,1988,CM,gbif
786536153,76dd8f0d-2daa-4a69-9fcd-55e04230334a,Pseudacris crucifer,-76.53,37.17,74,1988,CM,gbif
786536147,76dd8f0d-2daa-4a69-9fcd-55e04230334a,Pseudacris crucifer,-76.49,37.17,2243,1988,CM,gbif
786535989,76dd8f0d-2daa-4a69-9fcd-55e04230334a,Pseudacris crucifer,-77.41,38.57,605,1988,CM,gbif
786535852,76dd8f0d-2daa-4a69-9fcd-55e04230334a,Pseudacris crucifer,-77.13,36.95,348,1988,CM,gbif
786534585,76dd8f0d-2daa-4a69-9fcd-55e04230334a,Pseudacris crucifer,-82.62,36.88,1318,1987,CM,gbif
786533396,76dd8f0d-2daa-4a69-9fcd-55e04230334a,Pseudacris crucifer,-76.66,36.66,4823,1987,CM,gbif
786533280,76dd8f0d-2daa-4a69-9fcd-55e04230334a,Pseudacris crucifer,-77.1,36.92,187,1987,CM,gbif
786533150,76dd8f0d-2daa-4a69-9fcd-55e04230334a,Pseudacris crucifer,-77.05,36.92,348,1987,CM,gbif
786533038,76dd8f0d-2daa-4a69-9fcd-55e04230334a,Pseudacris crucifer,-76.52,36.64,838,1987,CM,gbif
786531918,76dd8f0d-2daa-4a69-9fcd-55e04230334a,Pseudacris crucifer,-82.2,37.29,354,1986,CM,gbif
786531912,76dd8f0d-2daa-4a69-9fcd-55e04230334a,Pseudacris crucifer,-82.21,37.28,1642,1986,CM,gbif
786529382,76dd8f0d-2daa-4a69-9fcd-55e04230334a,Pseudacris crucifer,-76.39,37.47,2409,1986,CM,gbif
786529115,76dd8f0d-2daa-4a69-9fcd-55e04230334a,Pseudacris crucifer,-75.77,37.59,97,1986,CM,gbif
786524422,76dd8f0d-2daa-4a69-9fcd-55e04230334a,Pseudacris crucifer,-78.02,37.67,692,1987,CM,gbif
786524378,76dd8f0d-2daa-4a69-9fcd-55e04230334a,Pseudacris crucifer,-77.83,37.67,563,1987,CM,gbif
786524139,76dd8f0d-2daa-4a69-9fcd-55e04230334a,Pseudacris crucifer,-77.83,37.67,563,1986,CM,gbif
786523207,76dd8f0d-2daa-4a69-9fcd-55e04230334a,Pseudacris crucifer,-77.52,37.4,1360,1981,CM,gbif
786523195,76dd8f0d-2daa-4a69-9fcd-55e04230334a,Pseudacris crucifer,-77.73,37.68,2025,1981,CM,gbif
786522504,76dd8f0d-2daa-4a69-9fcd-55e04230334a,Pseudacris crucifer,-77.69,37.47,2955,1986,CM,gbif
786522496,76dd8f0d-2daa-4a69-9fcd-55e04230334a,Pseudacris crucifer,-78.19,38.01,282,1982,CM,gbif
786522491,76dd8f0d-2daa-4a69-9fcd-55e04230334a,Pseudacris crucifer,-77.52,37.95,499,1981,CM,gbif
786522177,76dd8f0d-2daa-4a69-9fcd-55e04230334a,Pseudacris crucifer,-77.49,37.43,1786,1981,CM,gbif
786517638,76dd8f0d-2daa-4a69-9fcd-55e04230334a,Pseudacris crucifer,-78.91,38.56,4509,1987,CM,gbif
786514666,76dd8f0d-2daa-4a69-9fcd-55e04230334a,Pseudacris crucifer,-76.75,36.67,34,1984,CM,gbif
786513057,76dd8f0d-2daa-4a69-9fcd-55e04230334a,Pseudacris crucifer,-76.67,37.24,4015,1985,CM,gbif
786500776,76dd8f0d-2daa-4a69-9fcd-55e04230334a,Pseudacris crucifer,-79.26,40.16,100,1983,CM,gbif
786497436,76dd8f0d-2daa-4a69-9fcd-55e04230334a,Pseudacris crucifer,-79.25,40.16,100,1983,CM,gbif
786496892,76dd8f0d-2daa-4a69-9fcd-55e04230334a,Pseudacris crucifer,-79.26,40.16,170,1982,CM,gbif
786496854,76dd8f0d-2daa-4a69-9fcd-55e04230334a,Pseudacris crucifer,-79.25,40.16,115,1982,CM,gbif
786493816,76dd8f0d-2daa-4a69-9fcd-55e04230334a,Pseudacris crucifer,-79.28,40.14,200,1982,CM,gbif
786493365,76dd8f0d-2daa-4a69-9fcd-55e04230334a,Pseudacris crucifer,-79.27,40.15,215,1982,CM,gbif
786492095,76dd8f0d-2daa-4a69-9fcd-55e04230334a,Pseudacris crucifer,-75.99,40.63,715,1998,CM,gbif
786492093,76dd8f0d-2daa-4a69-9fcd-55e04230334a,Pseudacris crucifer,-76.01,40.63,3019,1998,CM,gbif
786483748,76dd8f0d-2daa-4a69-9fcd-55e04230334a,Pseudacris crucifer,-79.27,40.75,2168,1990,CM,gbif
786483256,76dd8f0d-2daa-4a69-9fcd-55e04230334a,Pseudacris crucifer,-78.17,40.32,1658,1990,CM,gbif
786482942,76dd8f0d-2daa-4a69-9fcd-55e04230334a,Pseudacris crucifer,-78.77,41.38,2152,1989,CM,gbif
786481494,76dd8f0d-2daa-4a69-9fcd-55e04230334a,Pseudacris crucifer,-78.18,40.32,1436,1989,CM,gbif
786471217,76dd8f0d-2daa-4a69-9fcd-55e04230334a,Pseudacris crucifer,-86.2998392,38.9399995,576,1992,CM,gbif
786471211,76dd8f0d-2daa-4a69-9fcd-55e04230334a,Pseudacris crucifer,-86.3098396,39.0099983,576,1992,CM,gbif
786471207,76dd8f0d-2daa-4a69-9fcd-55e04230334a,Pseudacris crucifer,-86.2998393,38.9899986,576,1992,CM,gbif
786454061,76dd8f0d-2daa-4a69-9fcd-55e04230334a,Pseudacris crucifer,-76.04,39.73,1197,1991,CM,gbif
786451070,76dd8f0d-2daa-4a69-9fcd-55e04230334a,Pseudacris crucifer,-76.29,41.34,1390,1990,CM,gbif
786448177,76dd8f0d-2daa-4a69-9fcd-55e04230334a,Pseudacris crucifer,-77.47,39.91,830,1987,CM,gbif
786448167,76dd8f0d-2daa-4a69-9fcd-55e04230334a,Pseudacris crucifer,-77.44,39.92,1643,1987,CM,gbif
786447987,76dd8f0d-2daa-4a69-9fcd-55e04230334a,Pseudacris crucifer,-79.27,40.14,2709,1983,CM,gbif
786446833,76dd8f0d-2daa-4a69-9fcd-55e04230334a,Pseudacris crucifer,-82.62,35.48,198,1988,CM,gbif
786443988,76dd8f0d-2daa-4a69-9fcd-55e04230334a,Pseudacris crucifer,-81.0496913,37.8900231,600,1985,CM,gbif
786443450,76dd8f0d-2daa-4a69-9fcd-55e04230334a,Pseudacris crucifer,-80.9196877,37.740026,1000,1985,CM,gbif
786443321,76dd8f0d-2daa-4a69-9fcd-55e04230334a,Pseudacris crucifer,-80.8896868,37.7100266,4519,1985,CM,gbif
786440089,76dd8f0d-2daa-4a69-9fcd-55e04230334a,Pseudacris crucifer,-76.94,41.11,838,1981,CM,gbif
786439951,76dd8f0d-2daa-4a69-9fcd-55e04230334a,Pseudacris crucifer,-76.96,41.14,275,1981,CM,gbif
786439042,76dd8f0d-2daa-4a69-9fcd-55e04230334a,Pseudacris crucifer,-76.92,41.21,1643,1982,CM,gbif
786439039,76dd8f0d-2daa-4a69-9fcd-55e04230334a,Pseudacris crucifer,-76.95,41.14,2906,1981,CM,gbif
786432557,76dd8f0d-2daa-4a69-9fcd-55e04230334a,Pseudacris crucifer,-79.27,40.14,2709,1984,CM,gbif
786419534,76dd8f0d-2daa-4a69-9fcd-55e04230334a,Pseudacris crucifer,-78.67,41.94,609,1984,CM,gbif
786358969,76dd8f0d-2daa-4a69-9fcd-55e04230334a,Pseudacris crucifer,-74.08,49.9,880,1982,CM,gbif
786338755,76dd8f0d-2daa-4a69-9fcd-55e04230334a,Pseudacris crucifer,-79.28,41.23,250,1981,CM,gbif
657480088,7a25f7aa-03fb-4322-aaeb-66719e1a9527,Pseudacris crucifer,-71.2225,43.6964,1933,1988,LACM,gbif
657479573,7a25f7aa-03fb-4322-aaeb-66719e1a9527,Pseudacris crucifer,-72.55,42.6708,2964,1986,LACM,gbif
4904884399,e9e6abed-f507-497c-aa34-29b05227f4e8,Pseudacris crucifer,-83.699032,42.319888,25,2024,NBM,gbif
4898362308,861d3d64-f762-11e1-a439-00145eb45e9a,Pseudacris crucifer,-72.735,41.303,100,2024,YPM,gbif
4849525313,e9e6abed-f507-497c-aa34-29b05227f4e8,Pseudacris crucifer,-66.056114,45.296036,10,2024,NBM,gbif
476794707,4bfac3ea-8763-4f4b-a71a-76a6f5f243d3,Pseudacris crucifer,-71.67667,41.95972,1500,2001,MCZ,gbif
476792029,4bfac3ea-8763-4f4b-a71a-76a6f5f243d3,Pseudacris crucifer,-71.73194,41.44222,1500,2001,MCZ,gbif
476783493,4bfac3ea-8763-4f4b-a71a-76a6f5f243d3,Pseudacris crucifer,-79.8528,36.17344,3244.44,1993,MCZ,gbif
476597011,4bfac3ea-8763-4f4b-a71a-76a6f5f243d3,Pseudacris crucifer,-72.9401,43.2203,1623.83,1980,MCZ,gbif
476592109,4bfac3ea-8763-4f4b-a71a-76a6f5f243d3,Pseudacris crucifer,-95.1522,47.13936,40.23,1980,MCZ,gbif
476584210,4bfac3ea-8763-4f4b-a71a-76a6f5f243d3,Pseudacris crucifer,-71.46528,41.75583,1500,2000,MCZ,gbif
476584207,4bfac3ea-8763-4f4b-a71a-76a6f5f243d3,Pseudacris crucifer,-71.37,41.49028,1500,2006,MCZ,gbif
476580685,4bfac3ea-8763-4f4b-a71a-76a6f5f243d3,Pseudacris crucifer,-72.20786,42.50842,1189,2003,MCZ,gbif
476570281,4bfac3ea-8763-4f4b-a71a-76a6f5f243d3,Pseudacris crucifer,-71.6775,41.95833,1500,2001,MCZ,gbif
476570280,4bfac3ea-8763-4f4b-a71a-76a6f5f243d3,Pseudacris crucifer,-71.6775,41.95833,1500,2000,MCZ,gbif
476570277,4bfac3ea-8763-4f4b-a71a-76a6f5f243d3,Pseudacris crucifer,-71.68732,41.93703,531,2000,MCZ,gbif
476570276,4bfac3ea-8763-4f4b-a71a-76a6f5f243d3,Pseudacris crucifer,-71.68861,41.93722,1500,2000,MCZ,gbif
476570273,4bfac3ea-8763-4f4b-a71a-76a6f5f243d3,Pseudacris crucifer,-71.6875,41.93722,1500,2000,MCZ,gbif
476570174,4bfac3ea-8763-4f4b-a71a-76a6f5f243d3,Pseudacris crucifer,-71.68806,41.93778,1500,2000,MCZ,gbif
476570064,4bfac3ea-8763-4f4b-a71a-76a6f5f243d3,Pseudacris crucifer,-71.17694,41.55028,1500,2003,MCZ,gbif
476569855,4bfac3ea-8763-4f4b-a71a-76a6f5f243d3,Pseudacris crucifer,-71.69667,41.64806,1500,2000,MCZ,gbif
476569758,4bfac3ea-8763-4f4b-a71a-76a6f5f243d3,Pseudacris crucifer,-71.6825,41.63472,1500,2000,MCZ,gbif
476569707,4bfac3ea-8763-4f4b-a71a-76a6f5f243d3,Pseudacris crucifer,-71.52667,41.65111,1500,2000,MCZ,gbif
476569652,4bfac3ea-8763-4f4b-a71a-76a6f5f243d3,Pseudacris crucifer,-71.74111,41.59861,1500,2000,MCZ,gbif
476569648,4bfac3ea-8763-4f4b-a71a-76a6f5f243d3,Pseudacris crucifer,-71.61333,41.63139,1500,2000,MCZ,gbif
476569540,4bfac3ea-8763-4f4b-a71a-76a6f5f243d3,Pseudacris crucifer,-71.45056,41.64556,1500,2000,MCZ,gbif
476569427,4bfac3ea-8763-4f4b-a71a-76a6f5f243d3,Pseudacris crucifer,-71.41361,41.68778,1500,2000,MCZ,gbif
476569424,4bfac3ea-8763-4f4b-a71a-76a6f5f243d3,Pseudacris crucifer,-71.41361,41.68778,1500,2001,MCZ,gbif
476568929,4bfac3ea-8763-4f4b-a71a-76a6f5f243d3,Pseudacris crucifer,-71.63083,41.67333,1500,2001,MCZ,gbif
476568927,4bfac3ea-8763-4f4b-a71a-76a6f5f243d3,Pseudacris crucifer,-71.61333,41.67306,1500,2000,MCZ,gbif
476568832,4bfac3ea-8763-4f4b-a71a-76a6f5f243d3,Pseudacris crucifer,-71.52278,41.64722,1500,2000,MCZ,gbif
476568681,4bfac3ea-8763-4f4b-a71a-76a6f5f243d3,Pseudacris crucifer,-71.67667,41.95972,1500,2000,MCZ,gbif
476568437,4bfac3ea-8763-4f4b-a71a-76a6f5f243d3,Pseudacris crucifer,-71.70556,41.90583,1500,2000,MCZ,gbif
476568337,4bfac3ea-8763-4f4b-a71a-76a6f5f243d3,Pseudacris crucifer,-71.60417,41.42667,1500,2000,MCZ,gbif
476568335,4bfac3ea-8763-4f4b-a71a-76a6f5f243d3,Pseudacris crucifer,-71.61944,41.44389,1500,2000,MCZ,gbif
476568329,4bfac3ea-8763-4f4b-a71a-76a6f5f243d3,Pseudacris crucifer,-71.69861,41.92972,1500,2000,MCZ,gbif
476568328,4bfac3ea-8763-4f4b-a71a-76a6f5f243d3,Pseudacris crucifer,-71.46528,41.75583,1500,2001,MCZ,gbif
476568119,4bfac3ea-8763-4f4b-a71a-76a6f5f243d3,Pseudacris crucifer,-71.63667,41.44,1500,2000,MCZ,gbif
476567477,4bfac3ea-8763-4f4b-a71a-76a6f5f243d3,Pseudacris crucifer,-71.5025,41.98694,1500,2001,MCZ,gbif
476567370,4bfac3ea-8763-4f4b-a71a-76a6f5f243d3,Pseudacris crucifer,-71.6175,41.84306,1500,2000,MCZ,gbif
476567262,4bfac3ea-8763-4f4b-a71a-76a6f5f243d3,Pseudacris crucifer,-71.61389,41.84111,1500,2000,MCZ,gbif
476567161,4bfac3ea-8763-4f4b-a71a-76a6f5f243d3,Pseudacris crucifer,-71.60722,41.85222,1500,2000,MCZ,gbif
476567157,4bfac3ea-8763-4f4b-a71a-76a6f5f243d3,Pseudacris crucifer,-71.46889,41.80528,1500,2000,MCZ,gbif
476567050,4bfac3ea-8763-4f4b-a71a-76a6f5f243d3,Pseudacris crucifer,-71.53667,41.99722,1500,2001,MCZ,gbif
476566004,4bfac3ea-8763-4f4b-a71a-76a6f5f243d3,Pseudacris crucifer,-71.58833,41.52556,1500,2000,MCZ,gbif
476565892,4bfac3ea-8763-4f4b-a71a-76a6f5f243d3,Pseudacris crucifer,-71.59,41.52556,1500,2000,MCZ,gbif
476565791,4bfac3ea-8763-4f4b-a71a-76a6f5f243d3,Pseudacris crucifer,-71.64528,41.58556,1500,2000,MCZ,gbif
476565596,4bfac3ea-8763-4f4b-a71a-76a6f5f243d3,Pseudacris crucifer,-71.62278,41.41194,1500,2000,MCZ,gbif
476565594,4bfac3ea-8763-4f4b-a71a-76a6f5f243d3,Pseudacris crucifer,-71.62028,41.41194,1500,2001,MCZ,gbif
476565593,4bfac3ea-8763-4f4b-a71a-76a6f5f243d3,Pseudacris crucifer,-71.62333,41.41194,1500,2001,MCZ,gbif
476565502,4bfac3ea-8763-4f4b-a71a-76a6f5f243d3,Pseudacris crucifer,-71.62417,41.41222,1500,2001,MCZ,gbif
476561221,4bfac3ea-8763-4f4b-a71a-76a6f5f243d3,Pseudacris crucifer,-71.58917,41.51056,1500,2000,MCZ,gbif
476561108,4bfac3ea-8763-4f4b-a71a-76a6f5f243d3,Pseudacris crucifer,-71.65639,41.54389,1500,2001,MCZ,gbif
476561000,4bfac3ea-8763-4f4b-a71a-76a6f5f243d3,Pseudacris crucifer,-71.43833,41.5325,1500,2000,MCZ,gbif
476560790,4bfac3ea-8763-4f4b-a71a-76a6f5f243d3,Pseudacris crucifer,-71.45778,41.55139,1500,2000,MCZ,gbif
476560788,4bfac3ea-8763-4f4b-a71a-76a6f5f243d3,Pseudacris crucifer,-71.45778,41.55139,1500,2001,MCZ,gbif
476560688,4bfac3ea-8763-4f4b-a71a-76a6f5f243d3,Pseudacris crucifer,-71.44139,41.63111,1500,2000,MCZ,gbif
476560687,4bfac3ea-8763-4f4b-a71a-76a6f5f243d3,Pseudacris crucifer,-71.45528,41.55222,1500,2000,MCZ,gbif
476559775,4bfac3ea-8763-4f4b-a71a-76a6f5f243d3,Pseudacris crucifer,-71.44056,41.62861,1500,2000,MCZ,gbif
476559774,4bfac3ea-8763-4f4b-a71a-76a6f5f243d3,Pseudacris crucifer,-71.46389,41.57694,1500,2000,MCZ,gbif
476559773,4bfac3ea-8763-4f4b-a71a-76a6f5f243d3,Pseudacris crucifer,-71.46389,41.57694,1500,2001,MCZ,gbif
476557101,4bfac3ea-8763-4f4b-a71a-76a6f5f243d3,Pseudacris crucifer,-71.73194,41.44222,1500,2000,MCZ,gbif
476557010,4bfac3ea-8763-4f4b-a71a-76a6f5f243d3,Pseudacris crucifer,-71.73222,41.44222,1500,2000,MCZ,gbif
476556906,4bfac3ea-8763-4f4b-a71a-76a6f5f243d3,Pseudacris crucifer,-71.72472,41.57056,1500,2000,MCZ,gbif
476556471,4bfac3ea-8763-4f4b-a71a-76a6f5f243d3,Pseudacris crucifer,-71.70863,41.58725,117,2000,MCZ,gbif
476556301,4bfac3ea-8763-4f4b-a71a-76a6f5f243d3,Pseudacris crucifer,-71.735830000000007,41.35972,1500,2002,MCZ,gbif
476556266,4bfac3ea-8763-4f4b-a71a-76a6f5f243d3,Pseudacris crucifer,-71.71639,41.57833,1500,2000,MCZ,gbif
476556265,4bfac3ea-8763-4f4b-a71a-76a6f5f243d3,Pseudacris crucifer,-71.73,41.59361,1500,2000,MCZ,gbif
476556264,4bfac3ea-8763-4f4b-a71a-76a6f5f243d3,Pseudacris crucifer,-71.74028,41.59056,1500,2000,MCZ,gbif
476556263,4bfac3ea-8763-4f4b-a71a-76a6f5f243d3,Pseudacris crucifer,-71.71167,41.59639,1500,2000,MCZ,gbif
476555980,4bfac3ea-8763-4f4b-a71a-76a6f5f243d3,Pseudacris crucifer,-71.46333,41.56083,1500,2000,MCZ,gbif
476555667,4bfac3ea-8763-4f4b-a71a-76a6f5f243d3,Pseudacris crucifer,-71.72436,41.46853,110,2000,MCZ,gbif
476512893,4bfac3ea-8763-4f4b-a71a-76a6f5f243d3,Pseudacris crucifer,-71.3341,45.041,3542.17,1985,MCZ,gbif
476512345,4bfac3ea-8763-4f4b-a71a-76a6f5f243d3,Pseudacris crucifer,-72.89954,42.55508,1031.59,1983,MCZ,gbif
476478801,4bfac3ea-8763-4f4b-a71a-76a6f5f243d3,Pseudacris crucifer,-71.52694,41.65167,1500,2001,MCZ,gbif
476478699,4bfac3ea-8763-4f4b-a71a-76a6f5f243d3,Pseudacris crucifer,-71.52806,41.67667,1500,2001,MCZ,gbif
476478680,4bfac3ea-8763-4f4b-a71a-76a6f5f243d3,Pseudacris crucifer,-71.45083,41.63639,1500,2000,MCZ,gbif
476477584,4bfac3ea-8763-4f4b-a71a-76a6f5f243d3,Pseudacris crucifer,-71.62417,41.41222,1500,2000,MCZ,gbif
476473242,4bfac3ea-8763-4f4b-a71a-76a6f5f243d3,Pseudacris crucifer,-71.93752,42.34709,577.75,1981,MCZ,gbif
4539222302,832b8188-f762-11e1-a439-00145eb45e9a,Pseudacris crucifer,-85.29582,34.67912,40,2009,UF,gbif
4536137327,4bfac3ea-8763-4f4b-a71a-76a6f5f243d3,Pseudacris crucifer,-71.45624,42.50371,20,2024,MCZ,gbif
45130572,84b4d6e4-f762-11e1-a439-00145eb45e9a,Pseudacris crucifer,-73.92972,41.52611,193,1985,SDNHM,gbif
45130352,84b4d6e4-f762-11e1-a439-00145eb45e9a,Pseudacris crucifer,-73.82248,43.36273,366,1985,SDNHM,gbif
45127220,84b4d6e4-f762-11e1-a439-00145eb45e9a,Pseudacris crucifer,-77.7283,38.7673,1094,1981,SDNHM,gbif
4440115451,861d3d64-f762-11e1-a439-00145eb45e9a,Pseudacris crucifer,-69.275813,45.9969,1851,2022,YPM,gbif
4440115238,861d3d64-f762-11e1-a439-00145eb45e9a,Pseudacris crucifer,-72.99383,41.32193,1851,2015,YPM,gbif
4440114721,861d3d64-f762-11e1-a439-00145eb45e9a,Pseudacris crucifer,-71.8107,41.606217,1851,2005,YPM,gbif
4440114654,861d3d64-f762-11e1-a439-00145eb45e9a,Pseudacris crucifer,-72.5185,41.92831,1851,2008,YPM,gbif
4440114408,861d3d64-f762-11e1-a439-00145eb45e9a,Pseudacris crucifer,-72.996411,41.446487,547,2016,YPM,gbif
4440114190,861d3d64-f762-11e1-a439-00145eb45e9a,Pseudacris crucifer,-73.181776,41.213967,1851,2003,YPM,gbif
4440114069,861d3d64-f762-11e1-a439-00145eb45e9a,Pseudacris crucifer,-73.1666,41.7094,100,2003,YPM,gbif
4440113758,861d3d64-f762-11e1-a439-00145eb45e9a,Pseudacris crucifer,-73.113833,41.567183,1851,2006,YPM,gbif
4440113246,861d3d64-f762-11e1-a439-00145eb45e9a,Pseudacris crucifer,-72.34,41.419,1820,2006,YPM,gbif
4440113087,861d3d64-f762-11e1-a439-00145eb45e9a,Pseudacris crucifer,-73.332296,41.307409,1851,2005,YPM,gbif
4440112477,861d3d64-f762-11e1-a439-00145eb45e9a,Pseudacris crucifer,-69.008798,46.626189,1851,2022,YPM,gbif
4440112205,861d3d64-f762-11e1-a439-00145eb45e9a,Pseudacris crucifer,-72.996148,41.316768,1851,2015,YPM,gbif
4440111989,861d3d64-f762-11e1-a439-00145eb45e9a,Pseudacris crucifer,-73.118,41.36,1820,2005,YPM,gbif
4440111188,861d3d64-f762-11e1-a439-00145eb45e9a,Pseudacris crucifer,-73.284773,41.290254,1851,2005,YPM,gbif
4440110753,861d3d64-f762-11e1-a439-00145eb45e9a,Pseudacris crucifer,-72.730821,41.271603,118,2016,YPM,gbif
4440110661,861d3d64-f762-11e1-a439-00145eb45e9a,Pseudacris crucifer,-73.212899,41.722362,1851,2013,YPM,gbif
4440110446,861d3d64-f762-11e1-a439-00145eb45e9a,Pseudacris crucifer,-73.27233,41.3067,1851,2004,YPM,gbif
4440110401,861d3d64-f762-11e1-a439-00145eb45e9a,Pseudacris crucifer,-73.232818,41.218571,1851,2013,YPM,gbif
4440110398,861d3d64-f762-11e1-a439-00145eb45e9a,Pseudacris crucifer,-72.991506,41.323489,1851,2015,YPM,gbif
4440109448,861d3d64-f762-11e1-a439-00145eb45e9a,Pseudacris crucifer,-72.15819,41.99081,1851,2017,YPM,gbif
4440109331,861d3d64-f762-11e1-a439-00145eb45e9a,Pseudacris crucifer,-72.52075,41.90769,1851,2008,YPM,gbif
4440109131,861d3d64-f762-11e1-a439-00145eb45e9a,Pseudacris crucifer,-73.27033,41.3105,1851,2004,YPM,gbif
4440108596,861d3d64-f762-11e1-a439-00145eb45e9a,Pseudacris crucifer,-73.2583,41.3069,1820,2005,YPM,gbif
4432355315,861d3d64-f762-11e1-a439-00145eb45e9a,Pseudacris crucifer,-72.127115,41.9391,1851,2021,YPM,gbif
4169967706,fb639e31-52eb-4998-afb1-984ee12aca0f,Pseudacris crucifer,-82.724558,38.581468,7,2023,MSB,gbif
4169967686,fb639e31-52eb-4998-afb1-984ee12aca0f,Pseudacris crucifer,-87.13512,36.193099,4,2023,MSB,gbif
4169967679,fb639e31-52eb-4998-afb1-984ee12aca0f,Pseudacris crucifer,-77.385761,38.059912,8,2023,MSB,gbif
4169967518,fb639e31-52eb-4998-afb1-984ee12aca0f,Pseudacris crucifer,-81.542674,34.388429,6,2023,MSB,gbif
4169967465,fb639e31-52eb-4998-afb1-984ee12aca0f,Pseudacris crucifer,-77.403693,38.05982,7,2023,MSB,gbif
4169967448,fb639e31-52eb-4998-afb1-984ee12aca0f,Pseudacris crucifer,-80.482608,37.208769,4,2023,MSB,gbif
4169967420,fb639e31-52eb-4998-afb1-984ee12aca0f,Pseudacris crucifer,-81.542693,34.388418,6,2023,MSB,gbif
4169967374,fb639e31-52eb-4998-afb1-984ee12aca0f,Pseudacris crucifer,-80.482998,37.206778,4,2023,MSB,gbif
4169967333,fb639e31-52eb-4998-afb1-984ee12aca0f,Pseudacris crucifer,-85.370861,35.655738,6,2023,MSB,gbif
4127805326,d5fafa95-7de2-48c0-bf10-3480bcca4a2b,Pseudacris crucifer,-81.0213,36.5452,201,1981,NCSM,gbif
4117139684,fb639e31-52eb-4998-afb1-984ee12aca0f,Pseudacris crucifer,-87.320984,34.36742,6,2023,MSB,gbif
4117139681,fb639e31-52eb-4998-afb1-984ee12aca0f,Pseudacris crucifer,-91.951171,32.022242,5,2023,MSB,gbif
4117139677,fb639e31-52eb-4998-afb1-984ee12aca0f,Pseudacris crucifer,-92.746765,32.898787,5,2023,MSB,gbif
4117139656,fb639e31-52eb-4998-afb1-984ee12aca0f,Pseudacris crucifer,-89.006906,32.917689,3,2023,MSB,gbif
4117139655,fb639e31-52eb-4998-afb1-984ee12aca0f,Pseudacris crucifer,-83.452926,34.524568,4,2023,MSB,gbif
4117139653,fb639e31-52eb-4998-afb1-984ee12aca0f,Pseudacris crucifer,-84.168391,34.367127,5,2023,MSB,gbif
4117139647,fb639e31-52eb-4998-afb1-984ee12aca0f,Pseudacris crucifer,-85.559583,33.783333,4,2023,MSB,gbif
4117139638,fb639e31-52eb-4998-afb1-984ee12aca0f,Pseudacris crucifer,-87.26885,34.299232,5,2023,MSB,gbif
4117139630,fb639e31-52eb-4998-afb1-984ee12aca0f,Pseudacris crucifer,-92.74705,32.899066,3,2023,MSB,gbif
4117139609,fb639e31-52eb-4998-afb1-984ee12aca0f,Pseudacris crucifer,-89.006818,32.917604,5,2023,MSB,gbif
4117139575,fb639e31-52eb-4998-afb1-984ee12aca0f,Pseudacris crucifer,-85.559552,33.782648,6,2023,MSB,gbif
4117139562,fb639e31-52eb-4998-afb1-984ee12aca0f,Pseudacris crucifer,-85.655054,32.441709,6,2023,MSB,gbif
4117139560,fb639e31-52eb-4998-afb1-984ee12aca0f,Pseudacris crucifer,-85.654871,32.449967,6,2023,MSB,gbif
4117139557,fb639e31-52eb-4998-afb1-984ee12aca0f,Pseudacris crucifer,-83.347202,31.51631,4,2023,MSB,gbif
4117139537,fb639e31-52eb-4998-afb1-984ee12aca0f,Pseudacris crucifer,-91.951478,32.022317,7,2023,MSB,gbif
4117139495,fb639e31-52eb-4998-afb1-984ee12aca0f,Pseudacris crucifer,-89.348129,34.442274,6,2023,MSB,gbif
4117139463,fb639e31-52eb-4998-afb1-984ee12aca0f,Pseudacris crucifer,-89.649368,32.188812,12,2023,MSB,gbif
4117139462,fb639e31-52eb-4998-afb1-984ee12aca0f,Pseudacris crucifer,-81.670384,30.946561,7,2023,MSB,gbif
4117139461,fb639e31-52eb-4998-afb1-984ee12aca0f,Pseudacris crucifer,-89.64951,32.188435,12,2023,MSB,gbif
4117139459,fb639e31-52eb-4998-afb1-984ee12aca0f,Pseudacris crucifer,-95.883242,31.937053,4,2023,MSB,gbif
4117139426,fb639e31-52eb-4998-afb1-984ee12aca0f,Pseudacris crucifer,-87.321092,34.367545,5,2023,MSB,gbif
4117139416,fb639e31-52eb-4998-afb1-984ee12aca0f,Pseudacris crucifer,-89.006872,32.917672,4,2023,MSB,gbif
4117139411,fb639e31-52eb-4998-afb1-984ee12aca0f,Pseudacris crucifer,-89.649335,32.188805,7,2023,MSB,gbif
4117139407,fb639e31-52eb-4998-afb1-984ee12aca0f,Pseudacris crucifer,-84.168173,34.367071,4,2023,MSB,gbif
4117139404,fb639e31-52eb-4998-afb1-984ee12aca0f,Pseudacris crucifer,-85.655995,32.441232,5,2023,MSB,gbif
4117139391,fb639e31-52eb-4998-afb1-984ee12aca0f,Pseudacris crucifer,-85.559545,33.783658,4,2023,MSB,gbif
4117139314,fb639e31-52eb-4998-afb1-984ee12aca0f,Pseudacris crucifer,-95.883239,31.937012,4,2023,MSB,gbif
4093509349,410461b6-368c-4970-8cb5-c043c28c08dd,Pseudacris crucifer,-88.389167,35.493333,20,2005,APSU,gbif
4093508968,410461b6-368c-4970-8cb5-c043c28c08dd,Pseudacris crucifer,-88.615,35.392778,33,2005,APSU,gbif
4093508873,410461b6-368c-4970-8cb5-c043c28c08dd,Pseudacris crucifer,-87.920556,36.5325,134,1988,APSU,gbif
4093508500,410461b6-368c-4970-8cb5-c043c28c08dd,Pseudacris crucifer,-88.096111,37.02,199,1988,APSU,gbif
4093508323,410461b6-368c-4970-8cb5-c043c28c08dd,Pseudacris crucifer,-85.416389,35.154444,4770,2004,APSU,gbif
4093508299,410461b6-368c-4970-8cb5-c043c28c08dd,Pseudacris crucifer,-87.654777,35.870665,3476,2006,APSU,gbif
4093508046,410461b6-368c-4970-8cb5-c043c28c08dd,Pseudacris crucifer,-84.703333,36.361944,138,2001,APSU,gbif
4093508007,410461b6-368c-4970-8cb5-c043c28c08dd,Pseudacris crucifer,-89.259722,35.0275,83,2005,APSU,gbif
4093507945,410461b6-368c-4970-8cb5-c043c28c08dd,Pseudacris crucifer,-87.522222,35.835,112,2006,APSU,gbif
4093507103,410461b6-368c-4970-8cb5-c043c28c08dd,Pseudacris crucifer,-87.537137,35.303664,459,2006,APSU,gbif
4093507027,410461b6-368c-4970-8cb5-c043c28c08dd,Pseudacris crucifer,-87.800278,35.838611,558,2006,APSU,gbif
4093506861,410461b6-368c-4970-8cb5-c043c28c08dd,Pseudacris crucifer,-87.929135,36.587119,26,1988,APSU,gbif
4093506656,410461b6-368c-4970-8cb5-c043c28c08dd,Pseudacris crucifer,-87.281944,36.402778,105,1993,APSU,gbif
4093506638,410461b6-368c-4970-8cb5-c043c28c08dd,Pseudacris crucifer,-85.739167,35.110278,62,2005,APSU,gbif
4093506277,410461b6-368c-4970-8cb5-c043c28c08dd,Pseudacris crucifer,-87.483889,35.440278,20,2006,APSU,gbif
4093506266,410461b6-368c-4970-8cb5-c043c28c08dd,Pseudacris crucifer,-87.201389,36.411111,167,1995,APSU,gbif
4093506204,410461b6-368c-4970-8cb5-c043c28c08dd,Pseudacris crucifer,-88.405556,35.228889,1138,2005,APSU,gbif
4093505999,410461b6-368c-4970-8cb5-c043c28c08dd,Pseudacris crucifer,-86.772222,35.365833,684,2012,APSU,gbif
4093505867,410461b6-368c-4970-8cb5-c043c28c08dd,Pseudacris crucifer,-87.701944,36.595278,571,1992,APSU,gbif
4093505821,410461b6-368c-4970-8cb5-c043c28c08dd,Pseudacris crucifer,-88.628333,35.355278,1137,2005,APSU,gbif
4093505669,410461b6-368c-4970-8cb5-c043c28c08dd,Pseudacris crucifer,-87.284722,36.402778,1056,1981,APSU,gbif
4093505580,410461b6-368c-4970-8cb5-c043c28c08dd,Pseudacris crucifer,-82.615833,36.130833,138,2011,APSU,gbif
4093505347,410461b6-368c-4970-8cb5-c043c28c08dd,Pseudacris crucifer,-88.077222,35.876389,299,2006,APSU,gbif
4093504910,410461b6-368c-4970-8cb5-c043c28c08dd,Pseudacris crucifer,-86.908889,36.360278,1640,2006,APSU,gbif
4093504882,410461b6-368c-4970-8cb5-c043c28c08dd,Pseudacris crucifer,-87.476389,35.419427,20,2006,APSU,gbif
4093504803,410461b6-368c-4970-8cb5-c043c28c08dd,Pseudacris crucifer,-87.281944,36.403333,46,1993,APSU,gbif
4093504631,410461b6-368c-4970-8cb5-c043c28c08dd,Pseudacris crucifer,-87.549722,35.494722,4790,2006,APSU,gbif
4093504313,410461b6-368c-4970-8cb5-c043c28c08dd,Pseudacris crucifer,-87.861111,36.484167,210,2004,APSU,gbif
4093504262,410461b6-368c-4970-8cb5-c043c28c08dd,Pseudacris crucifer,-87.221389,36.319722,284,1983,APSU,gbif
4093504225,410461b6-368c-4970-8cb5-c043c28c08dd,Pseudacris crucifer,-88.799722,36.058611,319,2008,APSU,gbif
4093504055,410461b6-368c-4970-8cb5-c043c28c08dd,Pseudacris crucifer,-89.196111,35.486111,1250,2005,APSU,gbif
4093503998,410461b6-368c-4970-8cb5-c043c28c08dd,Pseudacris crucifer,-89.856104,35.608128,405,2006,APSU,gbif
4093503660,410461b6-368c-4970-8cb5-c043c28c08dd,Pseudacris crucifer,-88.444167,35.590278,1083,2006,APSU,gbif
4093503554,410461b6-368c-4970-8cb5-c043c28c08dd,Pseudacris crucifer,-87.926159,36.532693,10,1980,APSU,gbif
4093503528,410461b6-368c-4970-8cb5-c043c28c08dd,Pseudacris crucifer,-88.712778,35.496389,803,2005,APSU,gbif
4093503403,410461b6-368c-4970-8cb5-c043c28c08dd,Pseudacris crucifer,-87.991111,36.508333,146,1989,APSU,gbif
4093503002,410461b6-368c-4970-8cb5-c043c28c08dd,Pseudacris crucifer,-87.734167,35.620833,1541,2006,APSU,gbif
4093502936,410461b6-368c-4970-8cb5-c043c28c08dd,Pseudacris crucifer,-87.812778,35.6275,1962,2006,APSU,gbif
4093502897,410461b6-368c-4970-8cb5-c043c28c08dd,Pseudacris crucifer,-87.424444,36.498611,845,1981,APSU,gbif
4093502842,410461b6-368c-4970-8cb5-c043c28c08dd,Pseudacris crucifer,-88.228889,35.381944,112,2006,APSU,gbif
4093502692,410461b6-368c-4970-8cb5-c043c28c08dd,Pseudacris crucifer,-88.6325,35.311389,20,2005,APSU,gbif
4093502689,410461b6-368c-4970-8cb5-c043c28c08dd,Pseudacris crucifer,-88.080278,36.798056,680,1990,APSU,gbif
4093502593,410461b6-368c-4970-8cb5-c043c28c08dd,Pseudacris crucifer,-88.722815,35.91042,32,2005,APSU,gbif
4093502575,410461b6-368c-4970-8cb5-c043c28c08dd,Pseudacris crucifer,-87.14,35.971667,1590,2007,APSU,gbif
4093502532,410461b6-368c-4970-8cb5-c043c28c08dd,Pseudacris crucifer,-88.694412,35.907832,37,2007,APSU,gbif
4093502389,410461b6-368c-4970-8cb5-c043c28c08dd,Pseudacris crucifer,-87.288345,35.382755,58,2006,APSU,gbif
4093501998,410461b6-368c-4970-8cb5-c043c28c08dd,Pseudacris crucifer,-83.693054,36.194807,10,2011,APSU,gbif
4093501664,410461b6-368c-4970-8cb5-c043c28c08dd,Pseudacris crucifer,-88.2825,35.230278,1721,2006,APSU,gbif
4093501426,410461b6-368c-4970-8cb5-c043c28c08dd,Pseudacris crucifer,-82.108056,36.5275,374,2004,APSU,gbif
4093501307,410461b6-368c-4970-8cb5-c043c28c08dd,Pseudacris crucifer,-88.67614,35.840317,43,2007,APSU,gbif
4093501210,410461b6-368c-4970-8cb5-c043c28c08dd,Pseudacris crucifer,-87.16925,35.943696,35,2023,APSU,gbif
4093500662,410461b6-368c-4970-8cb5-c043c28c08dd,Pseudacris crucifer,-87.132778,36.4675,2733,2004,APSU,gbif
4093500445,410461b6-368c-4970-8cb5-c043c28c08dd,Pseudacris crucifer,-87.015,35.97611,143,2017,APSU,gbif
4093500423,410461b6-368c-4970-8cb5-c043c28c08dd,Pseudacris crucifer,-83.018056,36.580833,204,2009,APSU,gbif
4093500334,410461b6-368c-4970-8cb5-c043c28c08dd,Pseudacris crucifer,-86.932778,35.446667,99,2007,APSU,gbif
4093500214,410461b6-368c-4970-8cb5-c043c28c08dd,Pseudacris crucifer,-88.181389,35.469444,263,2006,APSU,gbif
4093499983,410461b6-368c-4970-8cb5-c043c28c08dd,Pseudacris crucifer,-87.213333,35.508889,1168,2007,APSU,gbif
4093499934,410461b6-368c-4970-8cb5-c043c28c08dd,Pseudacris crucifer,-89.691111,35.779167,495,2006,APSU,gbif
4093499709,410461b6-368c-4970-8cb5-c043c28c08dd,Pseudacris crucifer,-88.119167,36.907778,289,1987,APSU,gbif
4093499698,410461b6-368c-4970-8cb5-c043c28c08dd,Pseudacris crucifer,-86.7825,36.335833,1190,2006,APSU,gbif
4093499486,410461b6-368c-4970-8cb5-c043c28c08dd,Pseudacris crucifer,-88.109722,36.948611,210,1988,APSU,gbif
4093499410,410461b6-368c-4970-8cb5-c043c28c08dd,Pseudacris crucifer,-87.514722,36.627778,323,1992,APSU,gbif
4093499406,410461b6-368c-4970-8cb5-c043c28c08dd,Pseudacris crucifer,-89.550278,35.400556,768,2005,APSU,gbif
4093499398,410461b6-368c-4970-8cb5-c043c28c08dd,Pseudacris crucifer,-88.624444,35.404444,86,2005,APSU,gbif
4093499326,410461b6-368c-4970-8cb5-c043c28c08dd,Pseudacris crucifer,-89.568056,35.4525,121,2005,APSU,gbif
4093499288,410461b6-368c-4970-8cb5-c043c28c08dd,Pseudacris crucifer,-87.638056,36.596389,417,1992,APSU,gbif
4093498864,410461b6-368c-4970-8cb5-c043c28c08dd,Pseudacris crucifer,-88.524167,35.186111,20,2005,APSU,gbif
4093498377,410461b6-368c-4970-8cb5-c043c28c08dd,Pseudacris crucifer,-89.799722,35.681389,4582,2006,APSU,gbif
4093497094,410461b6-368c-4970-8cb5-c043c28c08dd,Pseudacris crucifer,-86.7325,36.170278,771,2007,APSU,gbif
4093497090,410461b6-368c-4970-8cb5-c043c28c08dd,Pseudacris crucifer,-87.508889,36.553333,256,1998,APSU,gbif
4093496740,410461b6-368c-4970-8cb5-c043c28c08dd,Pseudacris crucifer,-85.022222,35.438611,450,2005,APSU,gbif
4093495915,410461b6-368c-4970-8cb5-c043c28c08dd,Pseudacris crucifer,-87.505556,36.6175,204,1998,APSU,gbif
4093495848,410461b6-368c-4970-8cb5-c043c28c08dd,Pseudacris crucifer,-87.948333,36.584444,243,1988,APSU,gbif
4093495598,410461b6-368c-4970-8cb5-c043c28c08dd,Pseudacris crucifer,-88.361111,35.501111,20,2005,APSU,gbif
4093495570,410461b6-368c-4970-8cb5-c043c28c08dd,Pseudacris crucifer,-88.037222,36.750833,157,1988,APSU,gbif
4093494281,410461b6-368c-4970-8cb5-c043c28c08dd,Pseudacris crucifer,-87.786667,35.955278,1750,2006,APSU,gbif
4093494062,410461b6-368c-4970-8cb5-c043c28c08dd,Pseudacris crucifer,-88.454444,35.969722,917,2006,APSU,gbif
4093494050,410461b6-368c-4970-8cb5-c043c28c08dd,Pseudacris crucifer,-88.066111,35.853056,2005,2006,APSU,gbif
4093493980,410461b6-368c-4970-8cb5-c043c28c08dd,Pseudacris crucifer,-83.19778,36.18861,10,2019,APSU,gbif
4093493646,410461b6-368c-4970-8cb5-c043c28c08dd,Pseudacris crucifer,-84.70194,35.85556,359,2018,APSU,gbif
4093493544,410461b6-368c-4970-8cb5-c043c28c08dd,Pseudacris crucifer,-87.295556,36.417222,74,1995,APSU,gbif
4093493322,410461b6-368c-4970-8cb5-c043c28c08dd,Pseudacris crucifer,-86.105556000000007,35.279167,45,1999,APSU,gbif
4093492291,410461b6-368c-4970-8cb5-c043c28c08dd,Pseudacris crucifer,-86.699085,36.197038,20,2023,APSU,gbif
4093492135,410461b6-368c-4970-8cb5-c043c28c08dd,Pseudacris crucifer,-87.558611,35.851944,3812,2006,APSU,gbif
4093492026,410461b6-368c-4970-8cb5-c043c28c08dd,Pseudacris crucifer,-85.293056000000007,35.424444,3306,1997,APSU,gbif
4093491992,410461b6-368c-4970-8cb5-c043c28c08dd,Pseudacris crucifer,-88.259722,35.347222,28,2005,APSU,gbif
4093491854,410461b6-368c-4970-8cb5-c043c28c08dd,Pseudacris crucifer,-87.143333,35.648611,2696,2006,APSU,gbif
4093491582,410461b6-368c-4970-8cb5-c043c28c08dd,Pseudacris crucifer,-82.224444,36.562222,252,2007,APSU,gbif
4093491530,410461b6-368c-4970-8cb5-c043c28c08dd,Pseudacris crucifer,-88.015833,36.868889,97,1988,APSU,gbif
4093489995,410461b6-368c-4970-8cb5-c043c28c08dd,Pseudacris crucifer,-87.394722,35.388333,20,2006,APSU,gbif
4093489767,410461b6-368c-4970-8cb5-c043c28c08dd,Pseudacris crucifer,-87.12944,36.22778,606,1983,APSU,gbif
4093489448,410461b6-368c-4970-8cb5-c043c28c08dd,Pseudacris crucifer,-89.532778,35.360833,11,2005,APSU,gbif
4093489364,410461b6-368c-4970-8cb5-c043c28c08dd,Pseudacris crucifer,-88.736667,35.936667,76,2006,APSU,gbif
4093488263,410461b6-368c-4970-8cb5-c043c28c08dd,Pseudacris crucifer,-87.980833,35.288611,371,2006,APSU,gbif
4093488048,410461b6-368c-4970-8cb5-c043c28c08dd,Pseudacris crucifer,-85.806719,35.612369,455,2010,APSU,gbif
4093488041,410461b6-368c-4970-8cb5-c043c28c08dd,Pseudacris crucifer,-85.814167,35.933611,36,2010,APSU,gbif
4093487709,410461b6-368c-4970-8cb5-c043c28c08dd,Pseudacris crucifer,-87.934167,36.564444,108,1991,APSU,gbif
4093486030,410461b6-368c-4970-8cb5-c043c28c08dd,Pseudacris crucifer,-89.558889,35.445556,20,2005,APSU,gbif
4093485961,410461b6-368c-4970-8cb5-c043c28c08dd,Pseudacris crucifer,-88.512222,35.8575,137,2006,APSU,gbif
4093485941,410461b6-368c-4970-8cb5-c043c28c08dd,Pseudacris crucifer,-87.198333,35.699722,878,2006,APSU,gbif
4093485894,410461b6-368c-4970-8cb5-c043c28c08dd,Pseudacris crucifer,-86.139722,37.205,132,1995,APSU,gbif
4093485881,410461b6-368c-4970-8cb5-c043c28c08dd,Pseudacris crucifer,-89.738056,35.709722,2345,2006,APSU,gbif
4093485805,410461b6-368c-4970-8cb5-c043c28c08dd,Pseudacris crucifer,-87.476111,36.448333,494,1998,APSU,gbif
4093485715,410461b6-368c-4970-8cb5-c043c28c08dd,Pseudacris crucifer,-84.989167,35.399722,132,2005,APSU,gbif
4093485556,410461b6-368c-4970-8cb5-c043c28c08dd,Pseudacris crucifer,-86.699104,36.197024,20,2023,APSU,gbif
4093483862,410461b6-368c-4970-8cb5-c043c28c08dd,Pseudacris crucifer,-88.6025,35.36,435,2005,APSU,gbif
4093483824,410461b6-368c-4970-8cb5-c043c28c08dd,Pseudacris crucifer,-87.475,35.429167,20,2006,APSU,gbif
4093483407,410461b6-368c-4970-8cb5-c043c28c08dd,Pseudacris crucifer,-87.709167,36.704167,3450,1992,APSU,gbif
4093483325,410461b6-368c-4970-8cb5-c043c28c08dd,Pseudacris crucifer,-83.828889,36.219444,66,2010,APSU,gbif
4076474400,d5fafa95-7de2-48c0-bf10-3480bcca4a2b,Pseudacris crucifer,-76.9334,34.9269,201,1993,NCSM,gbif
4076474387,d5fafa95-7de2-48c0-bf10-3480bcca4a2b,Pseudacris crucifer,-76.8875,34.9272,201,1993,NCSM,gbif
4076474232,d5fafa95-7de2-48c0-bf10-3480bcca4a2b,Pseudacris crucifer,-76.8885,34.9263,201,1993,NCSM,gbif
4076474198,d5fafa95-7de2-48c0-bf10-3480bcca4a2b,Pseudacris crucifer,-76.8646,35.3242,201,1993,NCSM,gbif
4076474096,d5fafa95-7de2-48c0-bf10-3480bcca4a2b,Pseudacris crucifer,-79.1348,34.767,402,1988,NCSM,gbif
4076473655,d5fafa95-7de2-48c0-bf10-3480bcca4a2b,Pseudacris crucifer,-76.8884,34.9252,201,1993,NCSM,gbif
4076473617,d5fafa95-7de2-48c0-bf10-3480bcca4a2b,Pseudacris crucifer,-76.8546,34.8858,201,1993,NCSM,gbif
4076473317,d5fafa95-7de2-48c0-bf10-3480bcca4a2b,Pseudacris crucifer,-78.0152,33.9868,201,1991,NCSM,gbif
4076473276,d5fafa95-7de2-48c0-bf10-3480bcca4a2b,Pseudacris crucifer,-77.6526,36.19,201,1988,NCSM,gbif
4076473247,d5fafa95-7de2-48c0-bf10-3480bcca4a2b,Pseudacris crucifer,-76.8693,34.9221,402,1993,NCSM,gbif
4076473100,d5fafa95-7de2-48c0-bf10-3480bcca4a2b,Pseudacris crucifer,-76.8676,34.9203,201,1993,NCSM,gbif
4076472627,d5fafa95-7de2-48c0-bf10-3480bcca4a2b,Pseudacris crucifer,-76.8624,34.923,201,1993,NCSM,gbif
4076472508,d5fafa95-7de2-48c0-bf10-3480bcca4a2b,Pseudacris crucifer,-76.8878,34.9191,201,1993,NCSM,gbif
4076472364,d5fafa95-7de2-48c0-bf10-3480bcca4a2b,Pseudacris crucifer,-76.8815,34.9318,805,1993,NCSM,gbif
4067915368,c113d947-5dcf-4a52-aaa2-735dba1089b7,Pseudacris crucifer,-89.567781,45.492353,20,2022,NEON,gbif
4066644875,fb639e31-52eb-4998-afb1-984ee12aca0f,Pseudacris crucifer,-90.953921,30.684641,11,2023,MSB,gbif
4066644871,fb639e31-52eb-4998-afb1-984ee12aca0f,Pseudacris crucifer,-90.953927,30.684601,19,2023,MSB,gbif
4066644864,fb639e31-52eb-4998-afb1-984ee12aca0f,Pseudacris crucifer,-86.851472,30.888804,3,2023,MSB,gbif
4066644695,fb639e31-52eb-4998-afb1-984ee12aca0f,Pseudacris crucifer,-83.142668,30.00077,4,2023,MSB,gbif
4066644638,fb639e31-52eb-4998-afb1-984ee12aca0f,Pseudacris crucifer,-83.071152,29.999003,6,2023,MSB,gbif
4066644469,fb639e31-52eb-4998-afb1-984ee12aca0f,Pseudacris crucifer,-86.786647,30.891021,4,2023,MSB,gbif
4066644386,fb639e31-52eb-4998-afb1-984ee12aca0f,Pseudacris crucifer,-86.78667,30.891127,3,2023,MSB,gbif
4066644327,fb639e31-52eb-4998-afb1-984ee12aca0f,Pseudacris crucifer,-90.953851,30.684706,4,2023,MSB,gbif
4026520376,d5fafa95-7de2-48c0-bf10-3480bcca4a2b,Pseudacris crucifer,-80.8492,36.4206,201,1993,NCSM,gbif
4026516283,d5fafa95-7de2-48c0-bf10-3480bcca4a2b,Pseudacris crucifer,-79.0938,34.8074,201,1987,NCSM,gbif
4026516200,d5fafa95-7de2-48c0-bf10-3480bcca4a2b,Pseudacris crucifer,-79.1987,34.8632,201,1987,NCSM,gbif
4026516164,d5fafa95-7de2-48c0-bf10-3480bcca4a2b,Pseudacris crucifer,-79.091,34.8075,201,1987,NCSM,gbif
4026515661,d5fafa95-7de2-48c0-bf10-3480bcca4a2b,Pseudacris crucifer,-79.1861,35.0107,201,1987,NCSM,gbif
4026515387,d5fafa95-7de2-48c0-bf10-3480bcca4a2b,Pseudacris crucifer,-76.8635,35.3326,201,1990,NCSM,gbif
4026511152,d5fafa95-7de2-48c0-bf10-3480bcca4a2b,Pseudacris crucifer,-79.1809,34.8874,201,1989,NCSM,gbif
4026510678,d5fafa95-7de2-48c0-bf10-3480bcca4a2b,Pseudacris crucifer,-76.4449,35.5742,402,1990,NCSM,gbif
3991144557,d5fafa95-7de2-48c0-bf10-3480bcca4a2b,Pseudacris crucifer,-79.1633,34.8504,201,1985,NCSM,gbif
3991144511,d5fafa95-7de2-48c0-bf10-3480bcca4a2b,Pseudacris crucifer,-79.0645,35.1915,805,1985,NCSM,gbif
3991144434,d5fafa95-7de2-48c0-bf10-3480bcca4a2b,Pseudacris crucifer,-78.8953,35.3303,402,1985,NCSM,gbif
3991144390,d5fafa95-7de2-48c0-bf10-3480bcca4a2b,Pseudacris crucifer,-80.0028,35.4207,201,1987,NCSM,gbif
3991144087,d5fafa95-7de2-48c0-bf10-3480bcca4a2b,Pseudacris crucifer,-79.1027,34.8847,402,1985,NCSM,gbif
3991143837,d5fafa95-7de2-48c0-bf10-3480bcca4a2b,Pseudacris crucifer,-79.4038,34.8376,402,1987,NCSM,gbif
3991143531,d5fafa95-7de2-48c0-bf10-3480bcca4a2b,Pseudacris crucifer,-79.2881,33.4734,201,1983,NCSM,gbif
3991143032,d5fafa95-7de2-48c0-bf10-3480bcca4a2b,Pseudacris crucifer,-79.2791,35.2346,402,1984,NCSM,gbif
3991143030,d5fafa95-7de2-48c0-bf10-3480bcca4a2b,Pseudacris crucifer,-79.8645,35.6149,201,1986,NCSM,gbif
3991142755,d5fafa95-7de2-48c0-bf10-3480bcca4a2b,Pseudacris crucifer,-79.3995,34.8433,402,1986,NCSM,gbif
3991142433,d5fafa95-7de2-48c0-bf10-3480bcca4a2b,Pseudacris crucifer,-78.9248,34.7949,201,1985,NCSM,gbif
3916253355,861d3d64-f762-11e1-a439-00145eb45e9a,Pseudacris crucifer,-72.624341,41.273629,1851,2021,YPM,gbif
3916253352,861d3d64-f762-11e1-a439-00145eb45e9a,Pseudacris crucifer,-72.636919,41.2817,1851,2021,YPM,gbif
3916253295,861d3d64-f762-11e1-a439-00145eb45e9a,Pseudacris crucifer,-72.6328,41.3655,1851,2021,YPM,gbif
3916253293,861d3d64-f762-11e1-a439-00145eb45e9a,Pseudacris crucifer,-72.637733,41.362448,1851,2021,YPM,gbif
3916253270,861d3d64-f762-11e1-a439-00145eb45e9a,Pseudacris crucifer,-72.58544,41.29802,1851,2021,YPM,gbif
3916253178,861d3d64-f762-11e1-a439-00145eb45e9a,Pseudacris crucifer,-72.595272,41.273919,1851,2021,YPM,gbif
3916252472,861d3d64-f762-11e1-a439-00145eb45e9a,Pseudacris crucifer,-72.628691,41.281945,1851,2021,YPM,gbif
3916252397,861d3d64-f762-11e1-a439-00145eb45e9a,Pseudacris crucifer,-72.634943,41.361253,1851,2021,YPM,gbif
3916251992,861d3d64-f762-11e1-a439-00145eb45e9a,Pseudacris crucifer,-72.599069,41.310025,1851,2021,YPM,gbif
3916251686,861d3d64-f762-11e1-a439-00145eb45e9a,Pseudacris crucifer,-72.639889,41.333294,1851,2021,YPM,gbif
3916251352,861d3d64-f762-11e1-a439-00145eb45e9a,Pseudacris crucifer,-72.739903,41.3536,1851,2021,YPM,gbif
3914992354,d5fafa95-7de2-48c0-bf10-3480bcca4a2b,Pseudacris crucifer,-77.9206,36.1119,201,1991,NCSM,gbif
3914990561,d5fafa95-7de2-48c0-bf10-3480bcca4a2b,Pseudacris crucifer,-78.4247,35.6768,201,1981,NCSM,gbif
3914990399,d5fafa95-7de2-48c0-bf10-3480bcca4a2b,Pseudacris crucifer,-79.9704,35.32,201,1992,NCSM,gbif
3914990206,d5fafa95-7de2-48c0-bf10-3480bcca4a2b,Pseudacris crucifer,-77.5641,34.665,201,1992,NCSM,gbif
3914988630,d5fafa95-7de2-48c0-bf10-3480bcca4a2b,Pseudacris crucifer,-80.0806,35.4207,201,1992,NCSM,gbif
3914988507,d5fafa95-7de2-48c0-bf10-3480bcca4a2b,Pseudacris crucifer,-77.2375,34.9344,201,1992,NCSM,gbif
3914987630,d5fafa95-7de2-48c0-bf10-3480bcca4a2b,Pseudacris crucifer,-79.7834,36.2447,201,1992,NCSM,gbif
3908285645,861d3d64-f762-11e1-a439-00145eb45e9a,Pseudacris crucifer,-72.636919,41.2817,1851,2017,YPM,gbif
3908285637,861d3d64-f762-11e1-a439-00145eb45e9a,Pseudacris crucifer,-72.636919,41.2817,1851,2016,YPM,gbif
3908285607,861d3d64-f762-11e1-a439-00145eb45e9a,Pseudacris crucifer,-72.99625,41.31699,1851,2020,YPM,gbif
3908285597,861d3d64-f762-11e1-a439-00145eb45e9a,Pseudacris crucifer,-72.637733,41.362448,1851,2019,YPM,gbif
3908285392,861d3d64-f762-11e1-a439-00145eb45e9a,Pseudacris crucifer,-72.624341,41.273629,1851,2016,YPM,gbif
3908285375,861d3d64-f762-11e1-a439-00145eb45e9a,Pseudacris crucifer,-72.58544,41.29802,1851,2016,YPM,gbif
3908285288,861d3d64-f762-11e1-a439-00145eb45e9a,Pseudacris crucifer,-72.637733,41.362448,1851,2016,YPM,gbif
3908285043,861d3d64-f762-11e1-a439-00145eb45e9a,Pseudacris crucifer,-72.612738,41.307504,1851,2018,YPM,gbif
3908284199,861d3d64-f762-11e1-a439-00145eb45e9a,Pseudacris crucifer,-72.624969,41.274333,1851,2016,YPM,gbif
3908283607,861d3d64-f762-11e1-a439-00145eb45e9a,Pseudacris crucifer,-72.60018,41.31405,1851,2018,YPM,gbif
3758501563,fb639e31-52eb-4998-afb1-984ee12aca0f,Pseudacris crucifer,-93.21592,30.65398,6,2022,MSB,gbif
3758499980,fb639e31-52eb-4998-afb1-984ee12aca0f,Pseudacris crucifer,-93.215873,30.654843,7,2022,MSB,gbif
3758499695,fb639e31-52eb-4998-afb1-984ee12aca0f,Pseudacris crucifer,-93.215938,30.666823,3,2022,MSB,gbif
3758497942,fb639e31-52eb-4998-afb1-984ee12aca0f,Pseudacris crucifer,-93.215919,30.671178,3,2022,MSB,gbif
3758497921,fb639e31-52eb-4998-afb1-984ee12aca0f,Pseudacris crucifer,-93.215932,30.669498,5,2022,MSB,gbif
3758497760,fb639e31-52eb-4998-afb1-984ee12aca0f,Pseudacris crucifer,-93.22374,30.649976,7,2022,MSB,gbif
3758496537,fb639e31-52eb-4998-afb1-984ee12aca0f,Pseudacris crucifer,-93.215914,30.668973,4,2022,MSB,gbif
3758496482,fb639e31-52eb-4998-afb1-984ee12aca0f,Pseudacris crucifer,-93.118608,30.276074,4,2022,MSB,gbif
3752330816,861d3d64-f762-11e1-a439-00145eb45e9a,Pseudacris crucifer,-72.15135,41.96336,1851,2019,YPM,gbif
3752330746,861d3d64-f762-11e1-a439-00145eb45e9a,Pseudacris crucifer,-72.11978,41.94927,1851,2019,YPM,gbif
3752330739,861d3d64-f762-11e1-a439-00145eb45e9a,Pseudacris crucifer,-72.129448,41.942438,1851,2019,YPM,gbif
3752330706,861d3d64-f762-11e1-a439-00145eb45e9a,Pseudacris crucifer,-72.15059,41.96685,1851,2019,YPM,gbif
3752330696,861d3d64-f762-11e1-a439-00145eb45e9a,Pseudacris crucifer,-72.128372,41.945498,1851,2019,YPM,gbif
3748451320,c113d947-5dcf-4a52-aaa2-735dba1089b7,Pseudacris crucifer,-72.198784,42.434008,2,2020,NEON,gbif
3748451308,c113d947-5dcf-4a52-aaa2-735dba1089b7,Pseudacris crucifer,-72.229494,42.427085,2,2020,NEON,gbif
3712193423,d5fafa95-7de2-48c0-bf10-3480bcca4a2b,Pseudacris crucifer,-78.8172,35.3586,201,1984,NCSM,gbif
3712193019,d5fafa95-7de2-48c0-bf10-3480bcca4a2b,Pseudacris crucifer,-79.0969,34.8818,201,2022,NCSM,gbif
3712192988,d5fafa95-7de2-48c0-bf10-3480bcca4a2b,Pseudacris crucifer,-81.519,36.5103,402,1984,NCSM,gbif
3712192208,d5fafa95-7de2-48c0-bf10-3480bcca4a2b,Pseudacris crucifer,-76.5505,36.2456,201,1984,NCSM,gbif
3416960105,d5fafa95-7de2-48c0-bf10-3480bcca4a2b,Pseudacris crucifer,-83.6196,35.126,201,1993,NCSM,gbif
3416959373,d5fafa95-7de2-48c0-bf10-3480bcca4a2b,Pseudacris crucifer,-79.3638,35.0439,402,1981,NCSM,gbif
3416959091,d5fafa95-7de2-48c0-bf10-3480bcca4a2b,Pseudacris crucifer,-78.4719,34.851,201,1982,NCSM,gbif
3416958809,d5fafa95-7de2-48c0-bf10-3480bcca4a2b,Pseudacris crucifer,-79.2058,34.8919,201,1981,NCSM,gbif
3416957683,d5fafa95-7de2-48c0-bf10-3480bcca4a2b,Pseudacris crucifer,-75.8029,35.8237,402,1982,NCSM,gbif
3416956940,d5fafa95-7de2-48c0-bf10-3480bcca4a2b,Pseudacris crucifer,-79.7833,36.2498,402,1982,NCSM,gbif
3416956905,d5fafa95-7de2-48c0-bf10-3480bcca4a2b,Pseudacris crucifer,-79.2572,34.9265,402,1981,NCSM,gbif
3416956485,d5fafa95-7de2-48c0-bf10-3480bcca4a2b,Pseudacris crucifer,-75.888,35.863,1609,1982,NCSM,gbif
3416956388,d5fafa95-7de2-48c0-bf10-3480bcca4a2b,Pseudacris crucifer,-80.1533,36.2246,402,1996,NCSM,gbif
3416955472,d5fafa95-7de2-48c0-bf10-3480bcca4a2b,Pseudacris crucifer,-79.3583,34.9754,201,1981,NCSM,gbif
3416954378,d5fafa95-7de2-48c0-bf10-3480bcca4a2b,Pseudacris crucifer,-79.2082,34.658,201,1982,NCSM,gbif
3416953974,d5fafa95-7de2-48c0-bf10-3480bcca4a2b,Pseudacris crucifer,-79.363,35.0441,201,1982,NCSM,gbif
3416953648,d5fafa95-7de2-48c0-bf10-3480bcca4a2b,Pseudacris crucifer,-79.3987,34.8494,402,1983,NCSM,gbif
3416953265,d5fafa95-7de2-48c0-bf10-3480bcca4a2b,Pseudacris crucifer,-78.2672,34.6917,201,1982,NCSM,gbif
3416952544,d5fafa95-7de2-48c0-bf10-3480bcca4a2b,Pseudacris crucifer,-75.804,35.825,402,1982,NCSM,gbif
3413368979,fb639e31-52eb-4998-afb1-984ee12aca0f,Pseudacris crucifer,-81.15047,39.44597,10,2020,MSB,gbif
3413368046,fb639e31-52eb-4998-afb1-984ee12aca0f,Pseudacris crucifer,-82.29051,29.50147,10,2019,MSB,gbif
3413367728,fb639e31-52eb-4998-afb1-984ee12aca0f,Pseudacris crucifer,-83.24255,39.89138,10,2020,MSB,gbif
3413359080,fb639e31-52eb-4998-afb1-984ee12aca0f,Pseudacris crucifer,-83.3149,39.88385,10,2020,MSB,gbif
3391495304,832b8188-f762-11e1-a439-00145eb45e9a,Pseudacris crucifer,-89.740523,33.491791,10,2020,UF,gbif
3391488305,832b8188-f762-11e1-a439-00145eb45e9a,Pseudacris crucifer,-89.756387,31.321655,10,2020,UF,gbif
3391483303,832b8188-f762-11e1-a439-00145eb45e9a,Pseudacris crucifer,-90.193239,32.464032,10,2020,UF,gbif
3333611672,861d3d64-f762-11e1-a439-00145eb45e9a,Pseudacris crucifer,-72.626469,41.312442,1851,2019,YPM,gbif
3333611669,861d3d64-f762-11e1-a439-00145eb45e9a,Pseudacris crucifer,-72.626469,41.312442,1851,2020,YPM,gbif
3333611652,861d3d64-f762-11e1-a439-00145eb45e9a,Pseudacris crucifer,-72.624836,41.274453,1851,2020,YPM,gbif
3333611651,861d3d64-f762-11e1-a439-00145eb45e9a,Pseudacris crucifer,-72.634017,41.32697,1851,2019,YPM,gbif
3333611585,861d3d64-f762-11e1-a439-00145eb45e9a,Pseudacris crucifer,-72.636919,41.2817,1851,2019,YPM,gbif
3333611536,861d3d64-f762-11e1-a439-00145eb45e9a,Pseudacris crucifer,-72.628691,41.281945,1851,2020,YPM,gbif
3333611531,861d3d64-f762-11e1-a439-00145eb45e9a,Pseudacris crucifer,-72.58544,41.29802,1851,2019,YPM,gbif
3333611475,861d3d64-f762-11e1-a439-00145eb45e9a,Pseudacris crucifer,-72.62413,41.2737,1851,2020,YPM,gbif
3333611450,861d3d64-f762-11e1-a439-00145eb45e9a,Pseudacris crucifer,-72.624836,41.274453,1851,2019,YPM,gbif
3333611208,861d3d64-f762-11e1-a439-00145eb45e9a,Pseudacris crucifer,-72.739903,41.3536,1851,2020,YPM,gbif
3333611192,861d3d64-f762-11e1-a439-00145eb45e9a,Pseudacris crucifer,-72.599069,41.310025,1851,2019,YPM,gbif
3333611157,861d3d64-f762-11e1-a439-00145eb45e9a,Pseudacris crucifer,-72.640004,41.333422,1851,2020,YPM,gbif
3333611101,861d3d64-f762-11e1-a439-00145eb45e9a,Pseudacris crucifer,-72.612738,41.307504,1851,2019,YPM,gbif
3333611087,861d3d64-f762-11e1-a439-00145eb45e9a,Pseudacris crucifer,-72.62413,41.2737,1851,2019,YPM,gbif
3333610985,861d3d64-f762-11e1-a439-00145eb45e9a,Pseudacris crucifer,-72.6328,41.3655,1851,2019,YPM,gbif
3333610914,861d3d64-f762-11e1-a439-00145eb45e9a,Pseudacris crucifer,-72.595272,41.273919,1851,2020,YPM,gbif
3333610862,861d3d64-f762-11e1-a439-00145eb45e9a,Pseudacris crucifer,-72.634943,41.361253,1851,2019,YPM,gbif
3333610802,861d3d64-f762-11e1-a439-00145eb45e9a,Pseudacris crucifer,-72.636919,41.2817,1851,2020,YPM,gbif
3333610739,861d3d64-f762-11e1-a439-00145eb45e9a,Pseudacris crucifer,-72.613194,41.340847,1851,2019,YPM,gbif
3333610529,861d3d64-f762-11e1-a439-00145eb45e9a,Pseudacris crucifer,-72.595272,41.273919,1851,2019,YPM,gbif
3333610392,861d3d64-f762-11e1-a439-00145eb45e9a,Pseudacris crucifer,-72.65926,41.32256,1851,2019,YPM,gbif
3333610040,861d3d64-f762-11e1-a439-00145eb45e9a,Pseudacris crucifer,-72.62556,41.38055,1851,2019,YPM,gbif
3333609729,861d3d64-f762-11e1-a439-00145eb45e9a,Pseudacris crucifer,-72.661431,41.327117,1851,2020,YPM,gbif
3333608681,861d3d64-f762-11e1-a439-00145eb45e9a,Pseudacris crucifer,-72.640004,41.333422,1851,2019,YPM,gbif
3333608474,861d3d64-f762-11e1-a439-00145eb45e9a,Pseudacris crucifer,-72.637733,41.362448,1851,2020,YPM,gbif
3328253334,861d3d64-f762-11e1-a439-00145eb45e9a,Pseudacris crucifer,-72.122494,41.953339,1851,2005,YPM,gbif
3328253304,861d3d64-f762-11e1-a439-00145eb45e9a,Pseudacris crucifer,-72.137059,41.941681,1851,2005,YPM,gbif
3321344508,861d3d64-f762-11e1-a439-00145eb45e9a,Pseudacris crucifer,-72.128847,41.944051,1851,2005,YPM,gbif
3321344497,861d3d64-f762-11e1-a439-00145eb45e9a,Pseudacris crucifer,-72.138602,41.948996,1851,2005,YPM,gbif
3321344280,861d3d64-f762-11e1-a439-00145eb45e9a,Pseudacris crucifer,-72.151352,41.963362,1851,2005,YPM,gbif
3321344275,861d3d64-f762-11e1-a439-00145eb45e9a,Pseudacris crucifer,-72.136595,41.941552,1851,2005,YPM,gbif
3321344260,861d3d64-f762-11e1-a439-00145eb45e9a,Pseudacris crucifer,-72.134302,41.950996,1851,2005,YPM,gbif
3321343730,861d3d64-f762-11e1-a439-00145eb45e9a,Pseudacris crucifer,-72.11978,41.94927,1851,2005,YPM,gbif
3321343607,861d3d64-f762-11e1-a439-00145eb45e9a,Pseudacris crucifer,-72.112382,41.983307,1851,2005,YPM,gbif
3321343480,861d3d64-f762-11e1-a439-00145eb45e9a,Pseudacris crucifer,-72.118982,41.947478,1851,2005,YPM,gbif
3111566676,d5fafa95-7de2-48c0-bf10-3480bcca4a2b,Pseudacris crucifer,-77.9888,33.9926,201,1983,NCSM,gbif
3111566286,d5fafa95-7de2-48c0-bf10-3480bcca4a2b,Pseudacris crucifer,-82.4326,34.7131,201,2010,NCSM,gbif
3111565453,d5fafa95-7de2-48c0-bf10-3480bcca4a2b,Pseudacris crucifer,-79.5497,35.0638,201,2003,NCSM,gbif
3111563303,d5fafa95-7de2-48c0-bf10-3480bcca4a2b,Pseudacris crucifer,-78.2668,34.692,201,1982,NCSM,gbif
3111562492,d5fafa95-7de2-48c0-bf10-3480bcca4a2b,Pseudacris crucifer,-76.7027,36.144,201,1996,NCSM,gbif
3111561524,d5fafa95-7de2-48c0-bf10-3480bcca4a2b,Pseudacris crucifer,-79.5557,35.0728,201,2003,NCSM,gbif
3111561050,d5fafa95-7de2-48c0-bf10-3480bcca4a2b,Pseudacris crucifer,-79.5763,35.1245,201,2007,NCSM,gbif
3111560072,d5fafa95-7de2-48c0-bf10-3480bcca4a2b,Pseudacris crucifer,-79.6215,35.2012,201,2009,NCSM,gbif
3111559875,d5fafa95-7de2-48c0-bf10-3480bcca4a2b,Pseudacris crucifer,-79.0768,35.9949,201,1992,NCSM,gbif
3058467301,832b8188-f762-11e1-a439-00145eb45e9a,Pseudacris crucifer,-81.883809,29.13627,10,2021,UF,gbif
3053865348,c113d947-5dcf-4a52-aaa2-735dba1089b7,Pseudacris crucifer,-89.557229,45.496911,20,2020,NEON,gbif
3053865343,c113d947-5dcf-4a52-aaa2-735dba1089b7,Pseudacris crucifer,-90.092307,45.797373,20,2020,NEON,gbif
3051982303,832b8188-f762-11e1-a439-00145eb45e9a,Pseudacris crucifer,-82.500292,29.390125,10,2021,UF,gbif
3015243349,c113d947-5dcf-4a52-aaa2-735dba1089b7,Pseudacris crucifer,-72.198776,42.434188,20,2019,NEON,gbif
3015243301,c113d947-5dcf-4a52-aaa2-735dba1089b7,Pseudacris crucifer,-71.277866,44.058473,20,2019,NEON,gbif
2982341304,861d3d64-f762-11e1-a439-00145eb45e9a,Pseudacris crucifer,-69.74896,44.70836,1851,2020,YPM,gbif
2884909861,d5fafa95-7de2-48c0-bf10-3480bcca4a2b,Pseudacris crucifer,-79.2791,35.2345,201,2020,NCSM,gbif
2884909550,d5fafa95-7de2-48c0-bf10-3480bcca4a2b,Pseudacris crucifer,-81.7618,36.2408,201,1993,NCSM,gbif
2884909406,d5fafa95-7de2-48c0-bf10-3480bcca4a2b,Pseudacris crucifer,-81.7017,36.1517,201,1984,NCSM,gbif
2867249473,c113d947-5dcf-4a52-aaa2-735dba1089b7,Pseudacris crucifer,-89.569448,45.486647,20,2015,NEON,gbif
2819838898,852628c6-f762-11e1-a439-00145eb45e9a,Pseudacris crucifer,-97.27651,30.27841,10,2007,TNHC,gbif
2819822725,852628c6-f762-11e1-a439-00145eb45e9a,Pseudacris crucifer,-96.83176,28.50456,1488,2011,TNHC,gbif
2819812961,852628c6-f762-11e1-a439-00145eb45e9a,Pseudacris crucifer,-79.124565,35.852852,3,2002,TNHC,gbif
2804503224,91025c69-111a-45c0-8440-59cb9efbdff7,Pseudacris crucifer,-95.215367,30.727616,1000,1990,ASNHC,gbif
2632756302,832b8188-f762-11e1-a439-00145eb45e9a,Pseudacris crucifer,-89.00332,32.320995,10,2018,UF,gbif
2620870303,92499d06-4394-45ee-badb-5a1e3e4f9e33,Pseudacris crucifer,-89.585493,45.505973,5,2017,NEON,gbif
2618831341,c113d947-5dcf-4a52-aaa2-735dba1089b7,Pseudacris crucifer,-89.512657,46.254613,20,2019,NEON,gbif
2618831333,c113d947-5dcf-4a52-aaa2-735dba1089b7,Pseudacris crucifer,-89.567786,45.492352,20,2019,NEON,gbif
2618831329,c113d947-5dcf-4a52-aaa2-735dba1089b7,Pseudacris crucifer,-90.092743,45.812246,20,2019,NEON,gbif
2618831327,c113d947-5dcf-4a52-aaa2-735dba1089b7,Pseudacris crucifer,-89.577677,45.490246,20,2019,NEON,gbif
2618831325,c113d947-5dcf-4a52-aaa2-735dba1089b7,Pseudacris crucifer,-89.569877,45.487728,20,2019,NEON,gbif
2618831323,c113d947-5dcf-4a52-aaa2-735dba1089b7,Pseudacris crucifer,-89.569448,45.486647,20,2019,NEON,gbif
2618831318,c113d947-5dcf-4a52-aaa2-735dba1089b7,Pseudacris crucifer,-89.536134,46.248703,20,2019,NEON,gbif
2618826302,c8e9fe8e-391b-44b9-ad94-a5d15f4b5788,Pseudacris crucifer,-89.557232,45.496912,20,2019,NEON,gbif
2571523861,c113d947-5dcf-4a52-aaa2-735dba1089b7,Pseudacris crucifer,-89.557232,45.496912,20,2018,NEON,gbif
2571523740,c113d947-5dcf-4a52-aaa2-735dba1089b7,Pseudacris crucifer,-89.536134,46.248703,20,2018,NEON,gbif
2571523648,c113d947-5dcf-4a52-aaa2-735dba1089b7,Pseudacris crucifer,-72.198778,42.434194,20,2018,NEON,gbif
2571523644,c113d947-5dcf-4a52-aaa2-735dba1089b7,Pseudacris crucifer,-89.569448,45.486647,20,2018,NEON,gbif
2571523583,c113d947-5dcf-4a52-aaa2-735dba1089b7,Pseudacris crucifer,-72.198778,42.434194,20,2017,NEON,gbif
2571523570,c113d947-5dcf-4a52-aaa2-735dba1089b7,Pseudacris crucifer,-89.551229,45.491628,20,2018,NEON,gbif
2571523567,c113d947-5dcf-4a52-aaa2-735dba1089b7,Pseudacris crucifer,-72.198778,42.434194,20,2016,NEON,gbif
2571523389,c113d947-5dcf-4a52-aaa2-735dba1089b7,Pseudacris crucifer,-71.277857,44.058474,20,2017,NEON,gbif
2571523300,c113d947-5dcf-4a52-aaa2-735dba1089b7,Pseudacris crucifer,-89.504463,46.236979,20,2015,NEON,gbif
2571523015,c113d947-5dcf-4a52-aaa2-735dba1089b7,Pseudacris crucifer,-89.577675,45.490243,20,2017,NEON,gbif
2571523010,c113d947-5dcf-4a52-aaa2-735dba1089b7,Pseudacris crucifer,-90.092743,45.812246,20,2017,NEON,gbif
2571523006,c113d947-5dcf-4a52-aaa2-735dba1089b7,Pseudacris crucifer,-89.557229,45.496911,20,2017,NEON,gbif
2571522967,c113d947-5dcf-4a52-aaa2-735dba1089b7,Pseudacris crucifer,-90.052177,45.804594,2,2016,NEON,gbif
2571522961,c113d947-5dcf-4a52-aaa2-735dba1089b7,Pseudacris crucifer,-89.51506,46.256372,2,2016,NEON,gbif
2571522959,c113d947-5dcf-4a52-aaa2-735dba1089b7,Pseudacris crucifer,-89.535891,46.248721,2,2016,NEON,gbif
2571522945,c113d947-5dcf-4a52-aaa2-735dba1089b7,Pseudacris crucifer,-90.072864,45.824933,2,2016,NEON,gbif
2571522943,c113d947-5dcf-4a52-aaa2-735dba1089b7,Pseudacris crucifer,-89.541857,46.237778,20,2017,NEON,gbif
2571522930,c113d947-5dcf-4a52-aaa2-735dba1089b7,Pseudacris crucifer,-89.536142,46.248536,2,2016,NEON,gbif
2565854412,861d3d64-f762-11e1-a439-00145eb45e9a,Pseudacris crucifer,-72.125694,41.962397,1851,2001,YPM,gbif
2565854407,861d3d64-f762-11e1-a439-00145eb45e9a,Pseudacris crucifer,-72.150593,41.966846,1851,2001,YPM,gbif
2565854406,861d3d64-f762-11e1-a439-00145eb45e9a,Pseudacris crucifer,-72.131144,41.971359,1851,2001,YPM,gbif
2565854399,861d3d64-f762-11e1-a439-00145eb45e9a,Pseudacris crucifer,-72.112382,41.983307,1851,2001,YPM,gbif
2565854398,861d3d64-f762-11e1-a439-00145eb45e9a,Pseudacris crucifer,-72.138047,41.944416,1851,2001,YPM,gbif
2565854385,861d3d64-f762-11e1-a439-00145eb45e9a,Pseudacris crucifer,-72.4039,41.909291,1851,2001,YPM,gbif
2564235119,861d3d64-f762-11e1-a439-00145eb45e9a,Pseudacris crucifer,-72.505776,41.75096,1851,2001,YPM,gbif
2564235027,861d3d64-f762-11e1-a439-00145eb45e9a,Pseudacris crucifer,-72.49031,41.774614,1851,2001,YPM,gbif
2561506271,fb639e31-52eb-4998-afb1-984ee12aca0f,Pseudacris crucifer,-86.962501,33.905103,3036,1985,MSB,gbif
2542890318,d5fafa95-7de2-48c0-bf10-3480bcca4a2b,Pseudacris crucifer,-79.8001,33.1356,201,1982,NCSM,gbif
2542888237,d5fafa95-7de2-48c0-bf10-3480bcca4a2b,Pseudacris crucifer,-81.681,36.238,201,1984,NCSM,gbif
2458280959,861d3d64-f762-11e1-a439-00145eb45e9a,Pseudacris crucifer,-72.636919,41.2817,1851,2015,YPM,gbif
2458280890,861d3d64-f762-11e1-a439-00145eb45e9a,Pseudacris crucifer,-72.624836,41.274453,1851,2014,YPM,gbif
2458280840,861d3d64-f762-11e1-a439-00145eb45e9a,Pseudacris crucifer,-72.63664,41.33727,1851,2018,YPM,gbif
2458280837,861d3d64-f762-11e1-a439-00145eb45e9a,Pseudacris crucifer,-72.62413,41.2737,1851,2015,YPM,gbif
2458280653,861d3d64-f762-11e1-a439-00145eb45e9a,Pseudacris crucifer,-72.62354,41.3131,1851,2015,YPM,gbif
2458280603,861d3d64-f762-11e1-a439-00145eb45e9a,Pseudacris crucifer,-72.628028,41.329767,1851,2018,YPM,gbif
2458280523,861d3d64-f762-11e1-a439-00145eb45e9a,Pseudacris crucifer,-72.608422,41.317767,1851,2015,YPM,gbif
2458280480,861d3d64-f762-11e1-a439-00145eb45e9a,Pseudacris crucifer,-72.595272,41.273919,1851,2018,YPM,gbif
2458280461,861d3d64-f762-11e1-a439-00145eb45e9a,Pseudacris crucifer,-72.626469,41.312442,1851,2018,YPM,gbif
2458280332,861d3d64-f762-11e1-a439-00145eb45e9a,Pseudacris crucifer,-72.624836,41.274453,1851,2015,YPM,gbif
2458280301,861d3d64-f762-11e1-a439-00145eb45e9a,Pseudacris crucifer,-72.58544,41.29802,1851,2018,YPM,gbif
2458280246,861d3d64-f762-11e1-a439-00145eb45e9a,Pseudacris crucifer,-72.657756,41.3203,1851,2019,YPM,gbif
2458280166,861d3d64-f762-11e1-a439-00145eb45e9a,Pseudacris crucifer,-72.636919,41.2817,1851,2018,YPM,gbif
2458279994,861d3d64-f762-11e1-a439-00145eb45e9a,Pseudacris crucifer,-72.624836,41.274453,1851,2018,YPM,gbif
2458279695,861d3d64-f762-11e1-a439-00145eb45e9a,Pseudacris crucifer,-72.614476,41.340522,1851,2019,YPM,gbif
2458279533,861d3d64-f762-11e1-a439-00145eb45e9a,Pseudacris crucifer,-72.604097,41.316931,1851,2016,YPM,gbif
2458279523,861d3d64-f762-11e1-a439-00145eb45e9a,Pseudacris crucifer,-72.608422,41.317767,1851,2016,YPM,gbif
2458279446,861d3d64-f762-11e1-a439-00145eb45e9a,Pseudacris crucifer,-72.62556,41.38055,1851,2018,YPM,gbif
2458279340,861d3d64-f762-11e1-a439-00145eb45e9a,Pseudacris crucifer,-72.628691,41.281945,1851,2018,YPM,gbif
2458279078,861d3d64-f762-11e1-a439-00145eb45e9a,Pseudacris crucifer,-72.595272,41.273919,1851,2016,YPM,gbif
2458278161,861d3d64-f762-11e1-a439-00145eb45e9a,Pseudacris crucifer,-72.62413,41.2737,1851,2018,YPM,gbif
2446547214,861d3d64-f762-11e1-a439-00145eb45e9a,Pseudacris crucifer,-72.112382,41.983307,1851,2017,YPM,gbif
2237032084,861d3d64-f762-11e1-a439-00145eb45e9a,Pseudacris crucifer,-72.136595,41.941552,1851,2004,YPM,gbif
2237032081,861d3d64-f762-11e1-a439-00145eb45e9a,Pseudacris crucifer,-72.138047,41.944416,1851,2004,YPM,gbif
2237032076,861d3d64-f762-11e1-a439-00145eb45e9a,Pseudacris crucifer,-72.134302,41.950996,1851,2004,YPM,gbif
2237032074,861d3d64-f762-11e1-a439-00145eb45e9a,Pseudacris crucifer,-72.131981,41.957818,1851,2004,YPM,gbif
2235629038,861d3d64-f762-11e1-a439-00145eb45e9a,Pseudacris crucifer,-72.122494,41.953339,1851,2003,YPM,gbif
2235011675,861d3d64-f762-11e1-a439-00145eb45e9a,Pseudacris crucifer,-65.9266,48.61255,1851,2003,YPM,gbif
2235011656,861d3d64-f762-11e1-a439-00145eb45e9a,Pseudacris crucifer,-73.110411,44.63977,2162,2003,YPM,gbif
2234845255,395dfaad-8b0d-47e2-a2ea-bf8a3fd5c10c,Pseudacris crucifer,-90.44625,30.837833,5,2014,UTEP,gbif
2013094265,861d3d64-f762-11e1-a439-00145eb45e9a,Pseudacris crucifer,-65.88867,48.67017,1851,2003,YPM,gbif
2013094252,861d3d64-f762-11e1-a439-00145eb45e9a,Pseudacris crucifer,-65.9489,48.69099,1851,2003,YPM,gbif
2013094251,861d3d64-f762-11e1-a439-00145eb45e9a,Pseudacris crucifer,-73.314525,44.790472,1851,2003,YPM,gbif
2006616347,861d3d64-f762-11e1-a439-00145eb45e9a,Pseudacris crucifer,-72.131981,41.957818,1851,2003,YPM,gbif
2006616314,861d3d64-f762-11e1-a439-00145eb45e9a,Pseudacris crucifer,-72.140694,41.956964,1851,2017,YPM,gbif
2006616247,861d3d64-f762-11e1-a439-00145eb45e9a,Pseudacris crucifer,-72.139255,41.953794,1851,2017,YPM,gbif
2006616246,861d3d64-f762-11e1-a439-00145eb45e9a,Pseudacris crucifer,-72.125694,41.962397,1851,2017,YPM,gbif
2006616138,861d3d64-f762-11e1-a439-00145eb45e9a,Pseudacris crucifer,-72.119785,41.949218,1851,2017,YPM,gbif
2006616124,861d3d64-f762-11e1-a439-00145eb45e9a,Pseudacris crucifer,-72.128372,41.945498,1851,2017,YPM,gbif
2006615955,861d3d64-f762-11e1-a439-00145eb45e9a,Pseudacris crucifer,-72.134302,41.950996,1851,2017,YPM,gbif
1999435846,861d3d64-f762-11e1-a439-00145eb45e9a,Pseudacris crucifer,-72.131144,41.971359,1851,2003,YPM,gbif
1999435831,861d3d64-f762-11e1-a439-00145eb45e9a,Pseudacris crucifer,-72.151352,41.963362,1851,2003,YPM,gbif
1999435829,861d3d64-f762-11e1-a439-00145eb45e9a,Pseudacris crucifer,-72.139255,41.953794,1851,2003,YPM,gbif
1999435817,861d3d64-f762-11e1-a439-00145eb45e9a,Pseudacris crucifer,-72.112382,41.983307,1851,2003,YPM,gbif
1993804863,832b8188-f762-11e1-a439-00145eb45e9a,Pseudacris crucifer,-81.950869,30.785223,50,2019,UF,gbif
1989841125,861d3d64-f762-11e1-a439-00145eb45e9a,Pseudacris crucifer,-72.634943,41.361253,1851,2018,YPM,gbif
1987215875,8e479b8f-ac16-4bed-a11a-bc7e27c31663,Pseudacris crucifer,-83.845496,41.597274,3036,1980,UMMZ,gbif
1987206091,8e479b8f-ac16-4bed-a11a-bc7e27c31663,Pseudacris crucifer,-83.239002,35.068529,301,1995,UMMZ,gbif
1987176106,8e479b8f-ac16-4bed-a11a-bc7e27c31663,Pseudacris crucifer,-91.201837,45.754721,30,2016,UMMZ,gbif
1987116730,8e479b8f-ac16-4bed-a11a-bc7e27c31663,Pseudacris crucifer,-90.511722,46.877948,15,2017,UMMZ,gbif
1987048726,8e479b8f-ac16-4bed-a11a-bc7e27c31663,Pseudacris crucifer,-91.03976,45.68584,9,2016,UMMZ,gbif
1987048532,8e479b8f-ac16-4bed-a11a-bc7e27c31663,Pseudacris crucifer,-88.02924,43.434105,9,2017,UMMZ,gbif
1946019422,861d3d64-f762-11e1-a439-00145eb45e9a,Pseudacris crucifer,-69.850973,44.71958,1851,2018,YPM,gbif
1933399705,861d3d64-f762-11e1-a439-00145eb45e9a,Pseudacris crucifer,-72.739903,41.3536,1851,2018,YPM,gbif
1933399699,861d3d64-f762-11e1-a439-00145eb45e9a,Pseudacris crucifer,-72.637733,41.362448,1851,2018,YPM,gbif
1932278227,861d3d64-f762-11e1-a439-00145eb45e9a,Pseudacris crucifer,-72.624341,41.273629,1851,2018,YPM,gbif
1931543704,d5fafa95-7de2-48c0-bf10-3480bcca4a2b,Pseudacris crucifer,-79.7382,34.2891,1609,1999,NCSM,gbif
1931543551,d5fafa95-7de2-48c0-bf10-3480bcca4a2b,Pseudacris crucifer,-80.2446,34.6517,201,1996,NCSM,gbif
1931543470,d5fafa95-7de2-48c0-bf10-3480bcca4a2b,Pseudacris crucifer,-80.1358,34.0508,1609,2004,NCSM,gbif
1919926674,861d3d64-f762-11e1-a439-00145eb45e9a,Pseudacris crucifer,-72.138047,41.944416,1851,2005,YPM,gbif
1852454417,a8ee9bc6-5914-427d-9fba-f8545250ac34,Pseudacris crucifer,-76.3644089,42.4502239,625,2001,CUMV,gbif
1844169328,d5fafa95-7de2-48c0-bf10-3480bcca4a2b,Pseudacris crucifer,-79.5544,35.0701,402,2016,NCSM,gbif
1844168723,d5fafa95-7de2-48c0-bf10-3480bcca4a2b,Pseudacris crucifer,-79.9858,32.7238,1609,1987,NCSM,gbif
1839291370,832b8188-f762-11e1-a439-00145eb45e9a,Pseudacris crucifer,-83.38515,30.125456,50,2018,UF,gbif
1837220432,861d3d64-f762-11e1-a439-00145eb45e9a,Pseudacris crucifer,-72.122494,41.953339,1851,2002,YPM,gbif
1837052512,861d3d64-f762-11e1-a439-00145eb45e9a,Pseudacris crucifer,-72.131144,41.971359,1851,2002,YPM,gbif
1836936072,861d3d64-f762-11e1-a439-00145eb45e9a,Pseudacris crucifer,-73.024398,43.948967,1851,2002,YPM,gbif
1836936066,861d3d64-f762-11e1-a439-00145eb45e9a,Pseudacris crucifer,-65.9266,48.61255,1851,2002,YPM,gbif
1836936065,861d3d64-f762-11e1-a439-00145eb45e9a,Pseudacris crucifer,-72.112382,41.983307,1851,2002,YPM,gbif
1836160521,861d3d64-f762-11e1-a439-00145eb45e9a,Pseudacris crucifer,-73.314525,44.790472,1851,2002,YPM,gbif
1836160519,861d3d64-f762-11e1-a439-00145eb45e9a,Pseudacris crucifer,-66.3828,48.56247,1851,2002,YPM,gbif
1836160516,861d3d64-f762-11e1-a439-00145eb45e9a,Pseudacris crucifer,-73.110411,44.63977,2162,2002,YPM,gbif
1836160478,861d3d64-f762-11e1-a439-00145eb45e9a,Pseudacris crucifer,-65.8842,48.66977,1851,2002,YPM,gbif
1835417434,861d3d64-f762-11e1-a439-00145eb45e9a,Pseudacris crucifer,-63.4772,49.69255,1851,2002,YPM,gbif
1835417227,861d3d64-f762-11e1-a439-00145eb45e9a,Pseudacris crucifer,-72.131981,41.957818,1851,2002,YPM,gbif
1835417161,861d3d64-f762-11e1-a439-00145eb45e9a,Pseudacris crucifer,-72.139255,41.953794,1851,2002,YPM,gbif
1699885270,861d3d64-f762-11e1-a439-00145eb45e9a,Pseudacris crucifer,-72.634943,41.361253,1851,2017,YPM,gbif
1699759001,861d3d64-f762-11e1-a439-00145eb45e9a,Pseudacris crucifer,-72.624969,41.274333,1851,2017,YPM,gbif
1699758993,861d3d64-f762-11e1-a439-00145eb45e9a,Pseudacris crucifer,-72.6328,41.3655,1851,2016,YPM,gbif
1699758988,861d3d64-f762-11e1-a439-00145eb45e9a,Pseudacris crucifer,-72.628691,41.281945,1851,2016,YPM,gbif
1699758983,861d3d64-f762-11e1-a439-00145eb45e9a,Pseudacris crucifer,-72.62413,41.2737,1851,2016,YPM,gbif
1699758979,861d3d64-f762-11e1-a439-00145eb45e9a,Pseudacris crucifer,-72.62413,41.2737,1851,2017,YPM,gbif
1699758933,861d3d64-f762-11e1-a439-00145eb45e9a,Pseudacris crucifer,-72.599069,41.310025,1851,2017,YPM,gbif
1699758895,861d3d64-f762-11e1-a439-00145eb45e9a,Pseudacris crucifer,-72.628691,41.281945,1851,2017,YPM,gbif
1699758754,861d3d64-f762-11e1-a439-00145eb45e9a,Pseudacris crucifer,-72.642916,41.33203,1851,2016,YPM,gbif
1699758699,861d3d64-f762-11e1-a439-00145eb45e9a,Pseudacris crucifer,-72.640004,41.333422,1851,2016,YPM,gbif
1699758694,861d3d64-f762-11e1-a439-00145eb45e9a,Pseudacris crucifer,-72.63775,41.36263,1851,2016,YPM,gbif
1675533786,861d3d64-f762-11e1-a439-00145eb45e9a,Pseudacris crucifer,-73.392248,41.233605,301,1986,YPM,gbif
1586201971,832b8188-f762-11e1-a439-00145eb45e9a,Pseudacris crucifer,-85.852244,35.236048,5,2017,UF,gbif
1586201969,832b8188-f762-11e1-a439-00145eb45e9a,Pseudacris crucifer,-90.099437,33.042153,5,2017,UF,gbif
1586201946,832b8188-f762-11e1-a439-00145eb45e9a,Pseudacris crucifer,-90.08866,32.34539,5,2017,UF,gbif
1585354798,832b8188-f762-11e1-a439-00145eb45e9a,Pseudacris crucifer,-81.846426,30.070563,50,2016,UF,gbif
1440785158,861d3d64-f762-11e1-a439-00145eb45e9a,Pseudacris crucifer,-65.9489,48.69099,1851,2002,YPM,gbif
1439133787,861d3d64-f762-11e1-a439-00145eb45e9a,Pseudacris crucifer,-72.136595,41.941552,1851,2002,YPM,gbif
1438679596,861d3d64-f762-11e1-a439-00145eb45e9a,Pseudacris crucifer,-72.138047,41.944416,1851,2002,YPM,gbif
1434747674,861d3d64-f762-11e1-a439-00145eb45e9a,Pseudacris crucifer,-72.545669,44.707272,301,2013,YPM,gbif
1337840816,4bfac3ea-8763-4f4b-a71a-76a6f5f243d3,Pseudacris crucifer,-71.88859,42.47772,200,1980,MCZ,gbif
1337840810,4bfac3ea-8763-4f4b-a71a-76a6f5f243d3,Pseudacris crucifer,-71.19834,42.00174,600,1984,MCZ,gbif
1337840803,4bfac3ea-8763-4f4b-a71a-76a6f5f243d3,Pseudacris crucifer,-70.90315,42.14708,10,1992,MCZ,gbif
1337840801,4bfac3ea-8763-4f4b-a71a-76a6f5f243d3,Pseudacris crucifer,-71.18064,42.14461,1000,1980,MCZ,gbif
1337840797,4bfac3ea-8763-4f4b-a71a-76a6f5f243d3,Pseudacris crucifer,-72.87463,42.15892,2000,1986,MCZ,gbif
1337840775,4bfac3ea-8763-4f4b-a71a-76a6f5f243d3,Pseudacris crucifer,-71.19834,42.00174,600,1980,MCZ,gbif
1337840769,4bfac3ea-8763-4f4b-a71a-76a6f5f243d3,Pseudacris crucifer,-70.10395,41.28116,304.8,2016,MCZ,gbif
1337840764,4bfac3ea-8763-4f4b-a71a-76a6f5f243d3,Pseudacris crucifer,-72.78821,42.7466,5000,1984,MCZ,gbif
1337840740,4bfac3ea-8763-4f4b-a71a-76a6f5f243d3,Pseudacris crucifer,-72.80799,42.38564,200,2001,MCZ,gbif
1337840738,4bfac3ea-8763-4f4b-a71a-76a6f5f243d3,Pseudacris crucifer,-73.23701,42.10088,1000,1984,MCZ,gbif
1337840734,4bfac3ea-8763-4f4b-a71a-76a6f5f243d3,Pseudacris crucifer,-70.86802,42.19997,400,1994,MCZ,gbif
1337840730,4bfac3ea-8763-4f4b-a71a-76a6f5f243d3,Pseudacris crucifer,-70.08277,41.76079,2000,1993,MCZ,gbif
1324191818,832b8188-f762-11e1-a439-00145eb45e9a,Pseudacris crucifer,-83.46714,31.55442,10,2016,UF,gbif
1324189739,832b8188-f762-11e1-a439-00145eb45e9a,Pseudacris crucifer,-82.940902,29.671446,10,2015,UF,gbif
1324181029,832b8188-f762-11e1-a439-00145eb45e9a,Pseudacris crucifer,-82.4698,29.714,100,1999,UF,gbif
1324174616,832b8188-f762-11e1-a439-00145eb45e9a,Pseudacris crucifer,-82.16652,29.54488,50,1995,UF,gbif
1324174426,832b8188-f762-11e1-a439-00145eb45e9a,Pseudacris crucifer,-81.98372,29.36312,50,1999,UF,gbif
1324173679,832b8188-f762-11e1-a439-00145eb45e9a,Pseudacris crucifer,-82.3075,29.5224,50,1995,UF,gbif
1324173637,832b8188-f762-11e1-a439-00145eb45e9a,Pseudacris crucifer,-82.28947,29.51365,50,1996,UF,gbif
1324173614,832b8188-f762-11e1-a439-00145eb45e9a,Pseudacris crucifer,-82.5874,29.54303,50,1996,UF,gbif
1324173593,832b8188-f762-11e1-a439-00145eb45e9a,Pseudacris crucifer,-81.95674,29.69469,200,1998,UF,gbif
1324173592,832b8188-f762-11e1-a439-00145eb45e9a,Pseudacris crucifer,-82.3726,29.6789,800,1995,UF,gbif
1324158986,832b8188-f762-11e1-a439-00145eb45e9a,Pseudacris crucifer,-85.00046,30.43639,300,1983,UF,gbif
1324158982,832b8188-f762-11e1-a439-00145eb45e9a,Pseudacris crucifer,-87.07506,30.94797,800,1984,UF,gbif
1324157478,832b8188-f762-11e1-a439-00145eb45e9a,Pseudacris crucifer,-81.747637,30.75339,800,1997,UF,gbif
1324157455,832b8188-f762-11e1-a439-00145eb45e9a,Pseudacris crucifer,-81.757901,30.735642,800,1997,UF,gbif
1324151262,832b8188-f762-11e1-a439-00145eb45e9a,Pseudacris crucifer,-84.9876,30.2642,50,2013,UF,gbif
1324131978,832b8188-f762-11e1-a439-00145eb45e9a,Pseudacris crucifer,-85.97904,37.24355,50,2005,UF,gbif
1324127372,832b8188-f762-11e1-a439-00145eb45e9a,Pseudacris crucifer,-82.4415,29.7294,1800,2005,UF,gbif
1324090540,832b8188-f762-11e1-a439-00145eb45e9a,Pseudacris crucifer,-83.823481,30.516543,800,1988,UF,gbif
1322988420,821cc27a-e3bb-4bc5-ac34-89ada245069d,Pseudacris crucifer,-77.7799,37.8058,347.62,1980,USNM,gbif
1322975621,821cc27a-e3bb-4bc5-ac34-89ada245069d,Pseudacris crucifer,-77.83,37.67,563.27,1981,USNM,gbif
1322972312,821cc27a-e3bb-4bc5-ac34-89ada245069d,Pseudacris crucifer,-76.6633,36.8475,991.36,1983,USNM,gbif
1322962857,821cc27a-e3bb-4bc5-ac34-89ada245069d,Pseudacris crucifer,-77.1622,37.8856,347.62,1981,USNM,gbif
1322949979,821cc27a-e3bb-4bc5-ac34-89ada245069d,Pseudacris crucifer,-78.97,37.55,901.23,1980,USNM,gbif
1322949643,821cc27a-e3bb-4bc5-ac34-89ada245069d,Pseudacris crucifer,-77.9408,37.5578,347.62,1980,USNM,gbif
1322944747,821cc27a-e3bb-4bc5-ac34-89ada245069d,Pseudacris crucifer,-76.4,36.87,177.03,1980,USNM,gbif
1322939694,821cc27a-e3bb-4bc5-ac34-89ada245069d,Pseudacris crucifer,-78.16,37.79,337.96,1983,USNM,gbif
1322895026,821cc27a-e3bb-4bc5-ac34-89ada245069d,Pseudacris crucifer,-77.39,38.6,1248.15,1988,USNM,gbif
1322894969,821cc27a-e3bb-4bc5-ac34-89ada245069d,Pseudacris crucifer,-90.4748,30.4394,4211.65,1988,USNM,gbif
1322863865,821cc27a-e3bb-4bc5-ac34-89ada245069d,Pseudacris crucifer,-76.6616,36.8393,3690.23,1983,USNM,gbif
1322845950,821cc27a-e3bb-4bc5-ac34-89ada245069d,Pseudacris crucifer,-76.14,36.75,193.12,1987,USNM,gbif
1322832941,821cc27a-e3bb-4bc5-ac34-89ada245069d,Pseudacris crucifer,-78.5799,38.6918,395.9,1990,USNM,gbif
1322820078,821cc27a-e3bb-4bc5-ac34-89ada245069d,Pseudacris crucifer,-83.0986,36.7802,1924.78,1984,USNM,gbif
1322773718,821cc27a-e3bb-4bc5-ac34-89ada245069d,Pseudacris crucifer,-77.52,37.4,1754.18,1980,USNM,gbif
1322766331,821cc27a-e3bb-4bc5-ac34-89ada245069d,Pseudacris crucifer,-77.68,37.62,337.96,1980,USNM,gbif
1322760953,821cc27a-e3bb-4bc5-ac34-89ada245069d,Pseudacris crucifer,-77.54,37.64,96.56,1980,USNM,gbif
1322742336,821cc27a-e3bb-4bc5-ac34-89ada245069d,Pseudacris crucifer,-83.1755,36.7298,991.36,1984,USNM,gbif
1322702309,821cc27a-e3bb-4bc5-ac34-89ada245069d,Pseudacris crucifer,-76.9402,37.742,717.77,1983,USNM,gbif
1322630585,821cc27a-e3bb-4bc5-ac34-89ada245069d,Pseudacris crucifer,-77.67,37.52,981.7,1980,USNM,gbif
1322620378,821cc27a-e3bb-4bc5-ac34-89ada245069d,Pseudacris crucifer,-82.356,38.3133,255.89,1988,USNM,gbif
1322590012,821cc27a-e3bb-4bc5-ac34-89ada245069d,Pseudacris crucifer,-77.18,37.33,1174.82,1981,USNM,gbif
1322589065,821cc27a-e3bb-4bc5-ac34-89ada245069d,Pseudacris crucifer,-78.76,37.51,337.96,1980,USNM,gbif
1322577571,821cc27a-e3bb-4bc5-ac34-89ada245069d,Pseudacris crucifer,-78.57,37.55,177.03,1980,USNM,gbif
1322557998,821cc27a-e3bb-4bc5-ac34-89ada245069d,Pseudacris crucifer,-76.9966,36.9444,2665.07,1980,USNM,gbif
1322514934,821cc27a-e3bb-4bc5-ac34-89ada245069d,Pseudacris crucifer,-77.6,37.72,756.39,1980,USNM,gbif
1322513737,821cc27a-e3bb-4bc5-ac34-89ada245069d,Pseudacris crucifer,-76.8003,39.0506,347.62,1991,USNM,gbif
1322492944,821cc27a-e3bb-4bc5-ac34-89ada245069d,Pseudacris crucifer,-77.51,37.64,46.37,1983,USNM,gbif
1322460585,821cc27a-e3bb-4bc5-ac34-89ada245069d,Pseudacris crucifer,-77.55,37.7,96.56,1980,USNM,gbif
1322420289,821cc27a-e3bb-4bc5-ac34-89ada245069d,Pseudacris crucifer,-77.61,37.52,177.03,1980,USNM,gbif
1322404770,821cc27a-e3bb-4bc5-ac34-89ada245069d,Pseudacris crucifer,-82.341928,38.9762026,193.12,1985,USNM,gbif
1322313298,821cc27a-e3bb-4bc5-ac34-89ada245069d,Pseudacris crucifer,-77.065,36.9746,991.36,1980,USNM,gbif
1322284886,821cc27a-e3bb-4bc5-ac34-89ada245069d,Pseudacris crucifer,-76.21,36.68,2011.68,1983,USNM,gbif
1322266313,821cc27a-e3bb-4bc5-ac34-89ada245069d,Pseudacris crucifer,-77.53,37.7,156.36,1980,USNM,gbif
1322217315,821cc27a-e3bb-4bc5-ac34-89ada245069d,Pseudacris crucifer,-76.41,36.85,901.23,1980,USNM,gbif
1322168289,821cc27a-e3bb-4bc5-ac34-89ada245069d,Pseudacris crucifer,-76.8003,39.0506,347.62,1990,USNM,gbif
1322142577,821cc27a-e3bb-4bc5-ac34-89ada245069d,Pseudacris crucifer,-76.27,36.6,96.56,1980,USNM,gbif
1322126317,821cc27a-e3bb-4bc5-ac34-89ada245069d,Pseudacris crucifer,-78.1407,37.0773,185.08,1983,USNM,gbif
1322116907,821cc27a-e3bb-4bc5-ac34-89ada245069d,Pseudacris crucifer,-76.8581,37.0314,186.68,1980,USNM,gbif
1322032194,821cc27a-e3bb-4bc5-ac34-89ada245069d,Pseudacris crucifer,-77.66,37.52,156.38,1983,USNM,gbif
1321994007,821cc27a-e3bb-4bc5-ac34-89ada245069d,Pseudacris crucifer,-82.7575,36.7368,972.04,1985,USNM,gbif
1321959979,821cc27a-e3bb-4bc5-ac34-89ada245069d,Pseudacris crucifer,-76.18,36.73,177.03,1984,USNM,gbif
1321929704,821cc27a-e3bb-4bc5-ac34-89ada245069d,Pseudacris crucifer,-79.8343,33.2837,429.7,1988,USNM,gbif
1321868640,821cc27a-e3bb-4bc5-ac34-89ada245069d,Pseudacris crucifer,-77.52,37.63,531.08,1980,USNM,gbif
1321662823,821cc27a-e3bb-4bc5-ac34-89ada245069d,Pseudacris crucifer,-76.6624,37.2514,267.15,1985,USNM,gbif
1321659151,821cc27a-e3bb-4bc5-ac34-89ada245069d,Pseudacris crucifer,-77.65,37.75,289.68,1980,USNM,gbif
1321651104,821cc27a-e3bb-4bc5-ac34-89ada245069d,Pseudacris crucifer,-76.2,36.55,901.23,1980,USNM,gbif
1321640044,821cc27a-e3bb-4bc5-ac34-89ada245069d,Pseudacris crucifer,-77.48,37.73,156.36,1988,USNM,gbif
1321585842,821cc27a-e3bb-4bc5-ac34-89ada245069d,Pseudacris crucifer,-77.07,38.03,579.36,1981,USNM,gbif
1321583286,821cc27a-e3bb-4bc5-ac34-89ada245069d,Pseudacris crucifer,-77.02,38.03,820.77,1981,USNM,gbif
1321485230,821cc27a-e3bb-4bc5-ac34-89ada245069d,Pseudacris crucifer,-82.6296,36.8926,415.21,1984,USNM,gbif
1321378325,821cc27a-e3bb-4bc5-ac34-89ada245069d,Pseudacris crucifer,-82.9528,36.7933,347.62,1983,USNM,gbif
1321377271,821cc27a-e3bb-4bc5-ac34-89ada245069d,Pseudacris crucifer,-77.2583,37.8296,349.23,1986,USNM,gbif
1321368732,821cc27a-e3bb-4bc5-ac34-89ada245069d,Pseudacris crucifer,-76.9706,36.8653,202.78,1980,USNM,gbif
1321189590,821cc27a-e3bb-4bc5-ac34-89ada245069d,Pseudacris crucifer,-80.2141,36.9091,66.43,1988,USNM,gbif
1321173906,821cc27a-e3bb-4bc5-ac34-89ada245069d,Pseudacris crucifer,-76.36,36.65,96.56,1980,USNM,gbif
1321018309,821cc27a-e3bb-4bc5-ac34-89ada245069d,Pseudacris crucifer,-78.07,37.79,337.96,1983,USNM,gbif
1320949753,821cc27a-e3bb-4bc5-ac34-89ada245069d,Pseudacris crucifer,-77.42,38.56,177.03,1993,USNM,gbif
1320924279,821cc27a-e3bb-4bc5-ac34-89ada245069d,Pseudacris crucifer,-81.1981,32.4858,1958.57,1983,USNM,gbif
1320899651,821cc27a-e3bb-4bc5-ac34-89ada245069d,Pseudacris crucifer,-77.58,37.67,193.12,1980,USNM,gbif
1320889245,821cc27a-e3bb-4bc5-ac34-89ada245069d,Pseudacris crucifer,-77.802,38.1382,843.3,1983,USNM,gbif
1320782728,821cc27a-e3bb-4bc5-ac34-89ada245069d,Pseudacris crucifer,-77.85,37.72,337.96,1980,USNM,gbif
1320756043,821cc27a-e3bb-4bc5-ac34-89ada245069d,Pseudacris crucifer,-77.1528,39.084,3920.36,1990,USNM,gbif
1320671187,821cc27a-e3bb-4bc5-ac34-89ada245069d,Pseudacris crucifer,-77.8623,37.6097,347.62,1980,USNM,gbif
1320401051,821cc27a-e3bb-4bc5-ac34-89ada245069d,Pseudacris crucifer,-77.3079,37.8143,843.3,1986,USNM,gbif
1320333282,821cc27a-e3bb-4bc5-ac34-89ada245069d,Pseudacris crucifer,-76.8519,36.9735,186.68,1980,USNM,gbif
1320235614,821cc27a-e3bb-4bc5-ac34-89ada245069d,Pseudacris crucifer,-77.67,37.53,563.27,1980,USNM,gbif
1320156078,821cc27a-e3bb-4bc5-ac34-89ada245069d,Pseudacris crucifer,-72.8173,40.8553,817.55,1991,USNM,gbif
1320078320,821cc27a-e3bb-4bc5-ac34-89ada245069d,Pseudacris crucifer,-76.41,36.85,901.23,1984,USNM,gbif
1320063504,821cc27a-e3bb-4bc5-ac34-89ada245069d,Pseudacris crucifer,-76.8563,41.1875,672.71,1981,USNM,gbif
1319913036,821cc27a-e3bb-4bc5-ac34-89ada245069d,Pseudacris crucifer,-77.64,37.58,981.7,1980,USNM,gbif
1319710536,821cc27a-e3bb-4bc5-ac34-89ada245069d,Pseudacris crucifer,-78.57,36.8,337.96,1981,USNM,gbif
1319619145,821cc27a-e3bb-4bc5-ac34-89ada245069d,Pseudacris crucifer,-90.8615,32.2939,4099,1988,USNM,gbif
1319596380,821cc27a-e3bb-4bc5-ac34-89ada245069d,Pseudacris crucifer,-78.9997,38.511,910.89,1985,USNM,gbif
1319486080,821cc27a-e3bb-4bc5-ac34-89ada245069d,Pseudacris crucifer,-76.42,36.85,96.56,1981,USNM,gbif
1319419943,821cc27a-e3bb-4bc5-ac34-89ada245069d,Pseudacris crucifer,-82.9544,36.773,1651.19,1984,USNM,gbif
1319278313,821cc27a-e3bb-4bc5-ac34-89ada245069d,Pseudacris crucifer,-77.57,37.68,756.39,1980,USNM,gbif
1319275304,821cc27a-e3bb-4bc5-ac34-89ada245069d,Pseudacris crucifer,-77.941,37.5564,156.38,1987,USNM,gbif
1319249565,821cc27a-e3bb-4bc5-ac34-89ada245069d,Pseudacris crucifer,-78.34,37.68,4200.39,1984,USNM,gbif
1319208932,821cc27a-e3bb-4bc5-ac34-89ada245069d,Pseudacris crucifer,-76.44,36.81,145.3,1980,USNM,gbif
1319124335,821cc27a-e3bb-4bc5-ac34-89ada245069d,Pseudacris crucifer,-77.6,37.58,156.37,1987,USNM,gbif
1319065399,821cc27a-e3bb-4bc5-ac34-89ada245069d,Pseudacris crucifer,-76.7133,36.8703,186.68,1985,USNM,gbif
1318713697,821cc27a-e3bb-4bc5-ac34-89ada245069d,Pseudacris crucifer,-77.67,37.54,177.03,1980,USNM,gbif
1318499508,821cc27a-e3bb-4bc5-ac34-89ada245069d,Pseudacris crucifer,-79.25,37.69,1705.9,1987,USNM,gbif
1318211734,821cc27a-e3bb-4bc5-ac34-89ada245069d,Pseudacris crucifer,-76.7149,36.9509,186.68,1980,USNM,gbif
1318136405,821cc27a-e3bb-4bc5-ac34-89ada245069d,Pseudacris crucifer,-76.6344,36.9344,186.68,1980,USNM,gbif
1318079207,821cc27a-e3bb-4bc5-ac34-89ada245069d,Pseudacris crucifer,-77.33,38.09,402.34,1986,USNM,gbif
1317998319,821cc27a-e3bb-4bc5-ac34-89ada245069d,Pseudacris crucifer,-76.8144,39.0565,186.68,1990,USNM,gbif
1317841036,821cc27a-e3bb-4bc5-ac34-89ada245069d,Pseudacris crucifer,-78.5799,38.6918,395.9,1992,USNM,gbif
1317676212,821cc27a-e3bb-4bc5-ac34-89ada245069d,Pseudacris crucifer,-81.1981,32.4858,1958.57,1984,USNM,gbif
1317579163,821cc27a-e3bb-4bc5-ac34-89ada245069d,Pseudacris crucifer,-77.21,37.47,96.56,1990,USNM,gbif
1288192744,d5fafa95-7de2-48c0-bf10-3480bcca4a2b,Pseudacris crucifer,-79.4382,34.671,201,2016,NCSM,gbif
1288192724,d5fafa95-7de2-48c0-bf10-3480bcca4a2b,Pseudacris crucifer,-79.1808,34.8853,201,2016,NCSM,gbif
1229581698,d5fafa95-7de2-48c0-bf10-3480bcca4a2b,Pseudacris crucifer,-79.4653,33.1996,4023,2002,NCSM,gbif
1229581660,d5fafa95-7de2-48c0-bf10-3480bcca4a2b,Pseudacris crucifer,-79.8082,32.9452,402,1992,NCSM,gbif
1229581309,d5fafa95-7de2-48c0-bf10-3480bcca4a2b,Pseudacris crucifer,-79.4899,38.2343,4023,1999,NCSM,gbif
1229581305,d5fafa95-7de2-48c0-bf10-3480bcca4a2b,Pseudacris crucifer,-79.5533,38.2683,805,1999,NCSM,gbif
1211769441,cd875b5a-b3fe-48f2-94c7-371cab1431f3,Pseudacris crucifer,-79.23357,43.098476,1828.8,2006,ROM,gbif
1211769408,cd875b5a-b3fe-48f2-94c7-371cab1431f3,Pseudacris crucifer,-77.667675,46.17983,457.2,2006,ROM,gbif
1211768555,cd875b5a-b3fe-48f2-94c7-371cab1431f3,Pseudacris crucifer,-82.466812,42.795905,914.4,2005,ROM,gbif
1211768514,cd875b5a-b3fe-48f2-94c7-371cab1431f3,Pseudacris crucifer,-63.884811,45.683158,2743.2,1987,ROM,gbif
1211768496,cd875b5a-b3fe-48f2-94c7-371cab1431f3,Pseudacris crucifer,-81.816215,42.633706,2286,1988,ROM,gbif
1211768414,cd875b5a-b3fe-48f2-94c7-371cab1431f3,Pseudacris crucifer,-79.988708,43.217187,1554.48,1987,ROM,gbif
1211767876,cd875b5a-b3fe-48f2-94c7-371cab1431f3,Pseudacris crucifer,-79.175205,43.069515,4572,2004,ROM,gbif
1211766272,cd875b5a-b3fe-48f2-94c7-371cab1431f3,Pseudacris crucifer,-66.131649,47.393855,41.16,1995,ROM,gbif
1211735275,cd875b5a-b3fe-48f2-94c7-371cab1431f3,Pseudacris crucifer,-79.95808,43.26948,1.46,1983,ROM,gbif
1211734934,cd875b5a-b3fe-48f2-94c7-371cab1431f3,Pseudacris crucifer,-80.1498,43.47044,0.97,1988,ROM,gbif
1211733976,cd875b5a-b3fe-48f2-94c7-371cab1431f3,Pseudacris crucifer,-79.86139,44.86534,4.59,1987,ROM,gbif
1211728714,cd875b5a-b3fe-48f2-94c7-371cab1431f3,Pseudacris crucifer,-79.700231,43.536945,91.44,1984,ROM,gbif
1211233912,861d3d64-f762-11e1-a439-00145eb45e9a,Pseudacris crucifer,-72.129448,41.942438,1851,2000,YPM,gbif
1211003670,861d3d64-f762-11e1-a439-00145eb45e9a,Pseudacris crucifer,-69.839615,43.8392,1851,2015,YPM,gbif
1209599056,861d3d64-f762-11e1-a439-00145eb45e9a,Pseudacris crucifer,-70.1136,44.5831,1851,2015,YPM,gbif
1143472958,76dd8f0d-2daa-4a69-9fcd-55e04230334a,Pseudacris crucifer,-76.46,37.19,2000,1997,CM,gbif
1143472954,76dd8f0d-2daa-4a69-9fcd-55e04230334a,Pseudacris crucifer,-76.48,37.18,2000,1997,CM,gbif
1143472850,76dd8f0d-2daa-4a69-9fcd-55e04230334a,Pseudacris crucifer,-77.54,37.67,200,2000,CM,gbif
1099834750,861d3d64-f762-11e1-a439-00145eb45e9a,Pseudacris crucifer,-72.997574,41.315384,1851,2015,YPM,gbif
1055063539,861d3d64-f762-11e1-a439-00145eb45e9a,Pseudacris crucifer,-69.845184,44.720079,1851,2014,YPM,gbif
1051968147,d5fafa95-7de2-48c0-bf10-3480bcca4a2b,Pseudacris crucifer,-81.8796,35.728,201,2014,NCSM,gbif
1039487129,861d3d64-f762-11e1-a439-00145eb45e9a,Pseudacris crucifer,-72.33983,41.43433,1851,2004,YPM,gbif
1039486666,861d3d64-f762-11e1-a439-00145eb45e9a,Pseudacris crucifer,-72.633661,41.326933,1851,2013,YPM,gbif
1039486457,861d3d64-f762-11e1-a439-00145eb45e9a,Pseudacris crucifer,-72.1232,41.351,1851,2003,YPM,gbif
1039486366,861d3d64-f762-11e1-a439-00145eb45e9a,Pseudacris crucifer,-72.122494,41.953339,1851,2001,YPM,gbif
1039486007,861d3d64-f762-11e1-a439-00145eb45e9a,Pseudacris crucifer,-73.1,41.356,1820,2002,YPM,gbif
1039485858,861d3d64-f762-11e1-a439-00145eb45e9a,Pseudacris crucifer,-72.624969,41.274333,1851,2013,YPM,gbif
1039485540,861d3d64-f762-11e1-a439-00145eb45e9a,Pseudacris crucifer,-73.1022,41.5693,100,2004,YPM,gbif
1039485508,861d3d64-f762-11e1-a439-00145eb45e9a,Pseudacris crucifer,-73.3544,41.9892,100,2003,YPM,gbif
1039485052,861d3d64-f762-11e1-a439-00145eb45e9a,Pseudacris crucifer,-73.2925,41.2018,36,2001,YPM,gbif
1039485030,861d3d64-f762-11e1-a439-00145eb45e9a,Pseudacris crucifer,-73.50378,41.52049,100,2002,YPM,gbif
1039484935,861d3d64-f762-11e1-a439-00145eb45e9a,Pseudacris crucifer,-72.484786,41.799842,1851,2001,YPM,gbif
1039484741,861d3d64-f762-11e1-a439-00145eb45e9a,Pseudacris crucifer,-73.156,42.036,1820,2003,YPM,gbif
1039484653,861d3d64-f762-11e1-a439-00145eb45e9a,Pseudacris crucifer,-73.069411,41.277231,1851,2013,YPM,gbif
1039484570,861d3d64-f762-11e1-a439-00145eb45e9a,Pseudacris crucifer,-73.076206,41.235625,1851,2013,YPM,gbif
1039483842,861d3d64-f762-11e1-a439-00145eb45e9a,Pseudacris crucifer,-72.639889,41.333294,1851,2013,YPM,gbif
1039483686,861d3d64-f762-11e1-a439-00145eb45e9a,Pseudacris crucifer,-72.139255,41.953794,1851,2001,YPM,gbif
1039483412,861d3d64-f762-11e1-a439-00145eb45e9a,Pseudacris crucifer,-73.1028,41.5687,100,2004,YPM,gbif
1039483155,861d3d64-f762-11e1-a439-00145eb45e9a,Pseudacris crucifer,-73.5051,41.52351,100,2002,YPM,gbif
1039478498,861d3d64-f762-11e1-a439-00145eb45e9a,Pseudacris crucifer,-73.19347,41.89644,1851,2011,YPM,gbif
1039477848,861d3d64-f762-11e1-a439-00145eb45e9a,Pseudacris crucifer,-73.127883,41.253533,1851,2008,YPM,gbif
1039477412,861d3d64-f762-11e1-a439-00145eb45e9a,Pseudacris crucifer,-72.6357,41.327086,1851,2013,YPM,gbif
1039475862,861d3d64-f762-11e1-a439-00145eb45e9a,Pseudacris crucifer,-73.075061,41.225033,1851,2013,YPM,gbif
1039474930,861d3d64-f762-11e1-a439-00145eb45e9a,Pseudacris crucifer,-72.5233,41.52083,1851,2008,YPM,gbif
1039474440,861d3d64-f762-11e1-a439-00145eb45e9a,Pseudacris crucifer,-73.154,42.032,1820,2003,YPM,gbif
1039474343,861d3d64-f762-11e1-a439-00145eb45e9a,Pseudacris crucifer,-73.296061,41.200282,1851,2004,YPM,gbif
1039474059,861d3d64-f762-11e1-a439-00145eb45e9a,Pseudacris crucifer,-73.439844,41.583428,2575,2007,YPM,gbif
1039473104,861d3d64-f762-11e1-a439-00145eb45e9a,Pseudacris crucifer,-72.0713,41.5444,2223,2002,YPM,gbif
1039472590,861d3d64-f762-11e1-a439-00145eb45e9a,Pseudacris crucifer,-71.82,41.788,4234,2002,YPM,gbif
1039472503,861d3d64-f762-11e1-a439-00145eb45e9a,Pseudacris crucifer,-72.517,41.516,1820,2002,YPM,gbif
1039472079,861d3d64-f762-11e1-a439-00145eb45e9a,Pseudacris crucifer,-72.5098,41.9265,1850,2004,YPM,gbif
1039470749,861d3d64-f762-11e1-a439-00145eb45e9a,Pseudacris crucifer,-72.24,41.797,1820,2002,YPM,gbif
1039469363,861d3d64-f762-11e1-a439-00145eb45e9a,Pseudacris crucifer,-73.3958,41.2372,100,2002,YPM,gbif
1039468831,861d3d64-f762-11e1-a439-00145eb45e9a,Pseudacris crucifer,-73.5322,41.3787,100,2004,YPM,gbif
1039468130,861d3d64-f762-11e1-a439-00145eb45e9a,Pseudacris crucifer,-73.14467,42.03317,1851,2003,YPM,gbif
1039465830,861d3d64-f762-11e1-a439-00145eb45e9a,Pseudacris crucifer,-73.296061,41.200282,1851,2003,YPM,gbif
1039464417,861d3d64-f762-11e1-a439-00145eb45e9a,Pseudacris crucifer,-72.64467,41.33917,1851,2007,YPM,gbif
1039463916,861d3d64-f762-11e1-a439-00145eb45e9a,Pseudacris crucifer,-73.079119,41.2095,1851,2013,YPM,gbif
1039463840,861d3d64-f762-11e1-a439-00145eb45e9a,Pseudacris crucifer,-72.636919,41.2817,1851,2013,YPM,gbif
1039463739,861d3d64-f762-11e1-a439-00145eb45e9a,Pseudacris crucifer,-72.33142,41.43692,1851,2004,YPM,gbif
1039463665,861d3d64-f762-11e1-a439-00145eb45e9a,Pseudacris crucifer,-73.2583,41.3069,1820,2004,YPM,gbif
1039462548,861d3d64-f762-11e1-a439-00145eb45e9a,Pseudacris crucifer,-73.064525,41.256925,1851,2013,YPM,gbif
1039462064,861d3d64-f762-11e1-a439-00145eb45e9a,Pseudacris crucifer,-73.1311,41.2528,100,2007,YPM,gbif
1039462015,861d3d64-f762-11e1-a439-00145eb45e9a,Pseudacris crucifer,-72.33717,41.42417,1851,2004,YPM,gbif
1039460555,861d3d64-f762-11e1-a439-00145eb45e9a,Pseudacris crucifer,-72.2476,41.7899,1851,2002,YPM,gbif
1039459810,861d3d64-f762-11e1-a439-00145eb45e9a,Pseudacris crucifer,-73.2714,41.3114,100,2004,YPM,gbif
1039458319,861d3d64-f762-11e1-a439-00145eb45e9a,Pseudacris crucifer,-73.142,42.028,1820,2003,YPM,gbif
1039457666,861d3d64-f762-11e1-a439-00145eb45e9a,Pseudacris crucifer,-72.341,41.418,1820,2002,YPM,gbif
1039457636,861d3d64-f762-11e1-a439-00145eb45e9a,Pseudacris crucifer,-73.1064,41.5672,100,2006,YPM,gbif
1039457405,861d3d64-f762-11e1-a439-00145eb45e9a,Pseudacris crucifer,-73.144,42.034,1820,2002,YPM,gbif
1039456540,861d3d64-f762-11e1-a439-00145eb45e9a,Pseudacris crucifer,-72.34,41.419,1820,2002,YPM,gbif
1039456273,861d3d64-f762-11e1-a439-00145eb45e9a,Pseudacris crucifer,-73.061547,41.263517,1851,2013,YPM,gbif
1039454258,861d3d64-f762-11e1-a439-00145eb45e9a,Pseudacris crucifer,-73.1495,42.02783,1851,2003,YPM,gbif
